claim_number,fraud
2309,1
22405,0
23398,0
25059,0
2665,0
8512,0
5149,0
7791,0
11312,1
19044,0
10785,0
22247,0
3269,0
15948,0
14978,0
14475,0
28695,0
14055,1
26546,1
14981,0
17637,0
3932,1
8388,0
8029,0
9483,1
22573,1
15108,0
3674,0
21389,0
5938,0
27034,0
29272,0
21881,1
6509,0
21458,0
20072,0
27013,0
10093,1
22568,0
12977,0
3814,0
7338,0
24484,0
19593,1
5122,1
14906,0
8224,0
2869,1
2343,0
8833,1
7933,0
16558,0
20605,1
12984,1
3015,1
27332,0
12125,0
3753,0
27388,0
12336,0
11545,1
11357,0
2677,1
28739,0
29996,1
20748,0
13376,0
17987,0
7886,1
13333,0
9586,0
6333,0
24430,0
18080,0
5202,0
748,1
9761,0
29613,0
19993,0
23190,0
25536,0
17964,1
25247,0
5082,1
9351,0
10983,1
23622,0
13236,0
19368,1
1191,1
822,0
15879,1
20498,1
9420,1
28101,1
8893,0
4462,1
25230,1
29986,1
12607,0
25979,0
19133,1
14741,0
12147,1
2745,1
10115,0
2384,1
9154,1
1407,0
16561,0
19362,0
10343,1
27757,0
17615,0
19907,0
24531,1
27309,1
17789,1
13076,0
22090,0
28574,0
20569,0
17891,0
16838,0
6553,0
19638,1
18295,0
2877,1
2983,1
17411,0
15163,0
2154,0
18701,1
7668,1
15244,0
16858,0
13962,0
218,1
23288,1
2214,0
6581,0
27603,0
19377,0
7540,0
14977,0
10129,0
5706,1
5954,0
539,0
21664,0
21568,0
28983,0
7428,1
20726,0
4182,1
18702,0
15415,1
12155,0
580,1
2169,1
24420,1
251,0
15693,1
9972,0
16181,1
11490,1
9145,0
29433,1
25791,0
5772,0
26747,0
2326,1
15431,0
431,0
10769,0
2533,0
2458,0
19187,1
27236,1
22292,0
11213,0
506,0
23113,1
18780,0
19083,0
17895,1
19007,0
19691,0
27094,1
23180,1
12627,0
3835,0
1331,1
21467,1
23829,1
2542,1
28613,1
21996,1
11900,1
25873,1
26226,1
15806,0
9556,1
7568,0
3508,1
8835,1
18785,0
29858,1
23588,0
28268,0
5845,0
26477,1
24199,1
28882,1
4846,1
4986,0
23400,1
25570,0
20263,0
20857,1
26823,0
9318,1
25507,0
14848,1
7843,0
28648,0
29985,0
13049,0
25100,1
14857,0
25014,0
10740,0
16095,0
2209,0
18841,0
28273,1
22373,1
2267,0
5227,1
28302,0
21579,0
20123,0
17893,0
20928,0
13023,0
20737,0
27367,0
11741,0
6548,1
3283,0
15615,0
23662,0
2277,0
26051,0
12355,1
16486,0
19536,0
18674,0
8697,0
22565,0
16380,1
25295,0
28681,0
24992,1
29670,1
5837,1
10236,1
22825,1
280,0
22377,0
25274,0
5161,0
29753,0
3691,1
5916,0
11579,0
18079,0
19537,0
26024,1
29720,1
21740,0
25744,1
20553,1
11703,0
11515,0
9007,1
11743,1
28262,1
16470,0
13677,0
20164,1
16786,0
29323,0
15694,1
17336,0
3736,1
25485,0
3644,0
7199,0
25366,0
24937,0
21306,0
29366,0
21524,0
21719,1
1838,1
29916,0
10985,0
9304,0
12800,0
1458,0
1093,0
4150,1
11009,1
27069,0
9190,0
4933,0
14466,0
4557,0
11489,1
12075,0
25102,1
16798,0
20071,0
14419,1
28246,1
25390,0
24997,0
17279,1
6482,0
8021,1
9101,0
17477,0
8590,1
29162,1
24516,0
27275,0
23873,1
29364,1
1504,1
9937,0
10940,1
20295,0
3950,1
6439,0
13620,1
14304,0
22094,0
15949,0
28190,0
13065,0
13251,1
29167,0
7744,0
26227,0
7756,1
1413,0
6529,0
1123,0
16334,1
5246,1
12153,0
19641,0
25208,0
9434,0
7469,0
29012,1
11032,0
29443,0
7294,0
12972,1
5347,0
14471,0
28812,1
15963,0
24275,0
21150,1
10864,0
17755,0
4485,1
10561,1
24578,0
20327,0
21717,1
10599,1
1434,0
5861,1
12427,0
10981,0
22045,0
27831,0
23078,0
26377,0
10407,0
23491,1
19567,0
11473,1
12064,1
8932,1
10969,0
27756,1
26848,0
1611,0
29237,1
16267,0
12394,0
26840,1
2768,0
12777,1
23177,0
217,0
24877,0
6166,1
3902,0
21232,0
24637,0
10000,0
14798,0
6088,1
14460,0
2857,0
18218,1
17042,0
12415,0
9673,1
517,1
11624,1
8282,1
20257,1
12079,0
17735,0
2158,1
28082,0
10727,0
29031,0
3097,1
22754,1
3109,0
10277,1
21882,1
6428,1
9253,0
2407,0
25039,1
14643,0
24744,0
18525,1
13421,1
3399,0
8944,1
27173,0
6940,1
27316,0
28315,1
27775,0
9817,1
16140,0
9419,0
12316,0
2519,0
29752,1
16602,0
17593,1
5101,0
9843,1
17188,0
7278,1
18773,1
10079,0
21771,0
26444,1
9893,1
6329,0
10046,1
26120,1
14330,0
26756,1
11847,0
16587,1
17551,0
21265,1
15092,0
23481,0
18394,0
22277,1
10400,0
8165,1
22501,1
10884,0
23087,1
24673,0
13721,0
17847,1
3383,0
9846,0
18833,1
19341,1
7340,0
14369,0
14660,1
429,0
16205,0
17508,0
625,0
28356,0
17171,0
1139,1
17664,0
24512,0
19543,0
4409,0
17121,1
10353,0
29597,1
9478,1
10300,0
2886,1
18418,0
7501,1
2684,1
23494,0
17173,1
22925,1
9899,1
6217,1
20720,0
7979,0
11406,0
5552,0
739,0
28718,0
10747,0
27646,0
7072,1
1711,0
3509,0
23163,0
29050,0
13805,1
13493,0
18341,0
12052,0
15956,1
18004,0
7780,0
9004,1
15747,0
25482,1
734,1
14199,0
21907,1
21045,1
15821,1
18843,0
20245,1
8204,1
28967,1
10587,1
19592,1
20200,0
18897,0
23629,1
4970,0
12622,0
8248,1
24383,0
2905,1
20274,0
12102,1
6070,0
12141,0
3699,0
29678,0
1913,0
6401,0
4476,1
23455,1
29218,0
8346,1
26624,1
26598,0
10039,1
3264,0
10262,0
16983,1
4978,0
11328,0
28217,0
20347,1
4230,0
5219,0
15845,0
19913,0
1428,0
8122,1
12794,0
10147,1
25768,0
26730,1
14500,1
10439,0
14564,1
16383,0
12948,0
16405,0
16384,1
27166,0
6798,1
11388,0
16954,1
2042,0
9404,1
14051,1
2908,0
9200,1
8740,0
14411,1
29288,0
1661,1
7319,1
11789,1
17307,1
24754,1
24338,0
27317,0
4982,0
14771,0
28422,1
26900,0
20087,1
4985,0
15282,0
26495,1
21582,0
897,0
1685,1
16498,1
16984,1
11194,0
9521,0
1488,1
22668,1
25029,1
9634,1
22324,0
10243,1
21378,0
15737,0
25682,0
8355,1
6347,1
14000,0
11991,0
5428,1
17695,1
24222,1
5641,0
12706,0
5721,1
22235,1
12464,1
25709,1
18837,1
17815,0
3484,0
17087,0
15981,0
27219,1
17817,0
21190,0
3231,1
2477,0
27720,1
24626,1
9428,0
15519,1
27759,0
7998,0
7256,1
645,0
2508,0
17732,0
10354,0
12739,0
3474,1
23598,0
27975,0
1228,1
3800,1
11623,0
10206,0
3659,0
28295,0
18554,0
22256,1
16012,0
12418,1
2562,1
20242,0
27943,0
18073,0
12557,0
16339,0
6563,0
15294,0
22257,0
174,0
14494,0
20381,0
25075,1
17600,0
17347,1
23854,1
2228,0
19996,0
2586,0
29775,0
26537,0
5743,0
23432,0
9943,0
17116,0
10815,1
12519,1
8787,0
10885,0
14539,0
13535,0
21874,1
4872,0
22357,0
19937,0
19682,1
11199,1
8157,1
20147,0
1091,0
11256,0
12527,0
27116,0
763,0
3411,0
18342,0
6272,1
7503,1
11942,0
27617,0
16202,1
7478,0
17698,0
2899,1
1617,1
22618,0
20237,0
21322,0
14478,1
27381,0
21267,1
10020,1
24663,0
8575,1
21507,0
8365,0
2959,0
26274,1
25181,1
28002,0
21694,0
26188,1
28018,1
9768,1
6290,0
23339,1
35,1
8846,0
24192,0
10804,1
18888,1
22337,1
15200,1
3483,0
10657,0
21454,1
2993,0
3704,1
5747,1
29769,0
551,0
22666,0
6175,1
3403,1
13518,0
16127,0
5035,1
24659,1
21164,0
20423,1
15210,1
6112,0
15231,1
1792,0
5648,1
10155,0
7913,1
1279,1
4520,1
24783,0
2849,0
12210,1
3470,1
5655,0
27913,0
28054,0
28421,1
19833,0
24714,1
14574,0
23635,1
424,0
10005,1
14929,0
18241,0
12341,1
29407,0
3247,1
14148,0
10576,0
14972,1
18697,1
2944,0
20843,1
27700,0
7965,0
11288,0
7924,1
5713,1
17977,0
8440,0
25047,0
1247,0
9116,0
12750,1
3848,0
5788,0
342,0
17829,1
20465,1
7398,0
8320,0
9104,0
11924,0
12696,1
4236,1
1079,0
17235,0
23030,1
2394,1
12619,0
26834,0
25436,1
1677,0
5501,0
20890,1
7894,0
8414,0
3581,0
10582,1
10709,1
9839,1
26663,1
2648,1
23897,0
20570,0
15050,1
15336,1
27264,0
20659,1
3965,1
1805,0
14700,0
22013,0
24002,1
21528,1
21367,1
23069,1
19139,0
3799,1
14971,1
6815,1
12377,1
3106,0
8086,0
26827,0
14760,1
23731,1
28097,0
27924,1
10573,0
24157,1
29612,0
19561,0
15002,0
1340,1
15063,0
7901,1
17960,0
9092,0
4144,0
21437,0
25688,1
12849,1
14001,1
17673,1
26729,1
8858,0
9723,0
27792,1
1973,0
7250,0
18929,0
10310,1
5199,0
22965,0
19588,1
6690,0
9133,0
13539,1
10719,1
18973,0
23424,0
4081,0
26446,0
14332,0
25917,1
10960,1
8926,0
1922,0
3209,0
25890,0
29431,1
8592,0
13119,0
3746,1
17355,0
13619,0
13763,0
14658,0
500,0
5200,0
8286,0
28413,0
10526,1
23797,0
19818,0
13641,1
7,1
22370,1
97,1
22368,0
11496,1
14637,1
21791,0
3586,0
2112,1
16000,0
26795,0
3695,0
28117,0
21814,0
18621,1
22200,0
23261,0
11457,0
9531,0
20222,1
14650,1
27749,1
27654,1
17067,0
8363,0
10024,1
3379,1
26349,0
21033,0
8275,0
11538,0
13317,1
20388,1
22047,1
12782,0
18904,1
16712,0
23590,1
14726,0
20959,1
1669,0
24759,0
4337,1
15544,1
24410,1
10991,0
12164,1
4411,1
2859,0
10578,1
25786,1
463,0
6225,1
9575,0
14984,0
18398,0
5763,1
18606,0
10773,1
8526,0
21372,0
24541,0
25628,1
29903,1
8687,0
4283,0
22836,1
16478,1
17589,1
7733,1
17598,0
26014,0
20496,1
7404,0
11888,1
20101,1
17547,0
2347,0
22578,1
27870,0
21041,0
12644,0
21286,0
16690,0
27350,1
14559,0
5437,1
25615,1
16089,0
28781,1
10534,1
15545,0
8778,0
18098,0
6426,0
20236,0
16783,0
25355,1
2975,1
879,1
4757,0
13978,1
5557,0
1289,0
23709,0
5872,1
28746,0
6715,0
13212,1
9316,1
23965,1
15416,0
346,0
10613,1
29486,0
23504,1
13708,0
16172,0
26860,0
9949,1
11975,0
10290,1
15412,1
2321,0
16996,1
12770,0
4458,0
21828,0
27348,1
25113,0
27684,1
10399,0
29430,0
23372,0
574,1
24938,1
7175,1
19058,1
17715,0
18656,0
16309,0
15403,0
21081,1
27103,0
11136,0
2603,1
4179,0
19678,1
24010,0
19162,1
22995,0
15982,0
24628,0
18876,1
9540,0
2820,1
28497,1
7726,0
24507,0
29509,1
1451,0
12340,0
20269,0
398,0
4868,0
4745,1
2241,0
8675,0
9888,0
9243,1
16144,0
29112,1
7443,1
6907,0
6523,1
29405,0
16613,0
14993,1
24361,0
19794,0
12586,1
21606,0
22797,1
19287,0
8352,0
93,1
13039,0
11873,0
17386,0
11734,0
24315,1
23678,0
16967,1
2731,0
11223,1
1484,0
24134,1
27254,1
26552,0
5983,0
13102,1
21111,1
22744,0
9294,1
6910,1
27273,0
7043,1
6629,1
27597,0
18368,0
20490,1
29690,0
11307,0
24179,0
7365,0
28702,0
26690,0
15957,1
18110,0
24014,0
352,0
8300,0
3877,0
11154,0
10301,0
21714,1
14444,0
16766,0
26931,1
21348,1
743,0
11353,0
3065,0
27495,1
23735,0
14511,1
8652,0
27923,1
25881,0
15548,1
29697,1
25270,0
18552,0
5211,0
15913,0
17463,0
1088,0
7133,1
9996,1
27047,0
29018,1
18838,1
18198,1
15644,1
4580,0
11379,0
1054,0
12218,0
18918,0
20778,1
14098,0
21850,0
19437,0
4581,0
19595,0
18108,1
23967,1
24871,0
11995,0
25338,0
6215,1
28062,0
10674,0
19961,0
4207,1
21344,0
13433,1
10868,0
26692,1
21742,0
3548,0
25699,1
1119,0
4707,0
25163,1
16672,1
627,1
2885,0
18416,0
25241,1
27176,0
12029,0
29574,0
10329,1
9203,0
1537,1
4703,0
20530,0
26118,1
29358,0
22596,0
448,0
22035,0
9933,1
20521,1
27304,1
25632,0
4141,0
20433,1
12529,1
12236,0
8030,0
11128,1
21915,0
12533,0
12827,1
13009,1
12643,0
22263,1
28213,0
9214,0
14054,0
6149,0
20124,0
3161,1
274,0
23230,1
16188,0
3319,1
3712,0
13507,1
12555,1
18835,0
6831,1
11575,0
3661,0
12520,0
18087,1
20483,0
15790,0
8758,1
1442,0
18686,1
4541,1
3384,0
13125,0
7571,0
10863,1
26041,1
15228,0
6120,0
18925,1
8892,1
10477,0
2230,1
1816,0
18337,1
2282,0
24557,0
19880,0
27003,1
844,1
15678,1
15393,1
9166,0
12768,1
15844,1
11143,1
22275,0
3257,0
3906,0
10388,0
13572,0
18637,1
20127,0
28186,1
12043,0
18011,0
7318,0
12322,1
5385,0
10456,1
22915,1
20304,0
2716,0
6726,0
345,1
15307,0
14122,0
964,1
2013,0
3243,0
4895,1
25998,1
25792,0
15725,1
11752,1
22810,1
23717,0
3426,1
27152,0
4590,0
26784,0
8448,1
15638,0
23741,0
9403,0
21911,0
5506,0
20400,1
8024,1
2572,1
2223,0
23131,0
10425,0
3859,1
4242,0
11864,0
3475,1
2130,1
14919,1
28358,1
29587,1
18478,0
7406,0
24492,0
27750,0
18624,1
4673,1
28968,0
665,1
12224,0
3980,0
14740,0
30000,0
11766,0
16484,1
14768,1
7564,1
10513,1
16938,1
25983,1
2981,0
7554,0
4392,0
28660,0
26670,0
11667,0
12368,0
13523,1
7331,1
4535,0
4721,0
13361,0
1924,1
2930,1
18594,1
24911,1
21020,0
5389,0
13329,0
9990,0
21935,0
16335,0
20686,1
2623,1
8650,0
20831,1
12699,0
23911,1
16223,1
16027,1
3707,1
279,1
7485,0
18572,1
11277,0
21310,1
6864,0
19707,0
20415,1
15487,1
20797,0
29479,0
5781,0
11409,1
11636,1
9408,0
11151,0
5502,1
853,1
7938,0
17595,1
14171,1
23843,0
23772,1
23565,1
10494,0
11074,1
16417,0
11861,1
11145,0
21831,1
23842,0
26799,1
17790,0
13665,1
13109,0
18765,0
9513,0
8825,0
11936,1
7664,0
16259,0
197,1
18714,0
28526,0
24665,0
24600,1
7553,0
324,0
15028,0
22675,0
313,1
23935,0
28527,1
22489,1
1556,0
3519,1
5546,0
23391,1
15669,0
7269,0
2035,1
29815,0
475,0
12974,0
26502,0
28182,0
6012,0
19439,0
27161,0
7692,1
19322,0
28778,1
776,0
2202,0
28819,0
7761,1
20384,0
28270,1
22110,1
11713,1
28058,1
14668,0
8726,0
3924,0
27875,1
28641,0
2142,0
15595,1
23105,1
11792,0
24135,0
15659,1
22345,0
21656,1
7566,1
12638,0
980,0
26975,0
14673,0
29746,0
8154,1
675,1
28547,1
22459,0
10145,1
14633,1
18040,0
9729,1
26876,0
25364,0
25496,0
14085,1
15099,1
22063,1
23594,1
4668,1
27410,1
9775,1
8488,0
15565,1
1378,0
7081,0
17482,1
16388,0
24693,1
8279,0
19403,1
13695,1
24631,0
19033,1
10575,0
18958,0
28347,0
100,1
20322,1
15066,0
8905,0
7709,1
23260,0
6240,1
3101,1
1427,0
15215,0
21655,0
29219,0
15764,1
12928,1
25043,0
21040,0
19353,1
27659,1
16355,1
1256,1
21127,0
4048,0
25344,0
3078,0
7232,1
3048,0
23578,0
26768,1
24849,0
5624,0
12215,0
13087,0
18363,0
26866,0
25173,1
6245,0
4126,0
29750,1
2679,1
8880,0
5007,0
18742,1
4449,0
29513,0
17602,0
20638,1
23436,0
6713,1
6268,0
873,1
17467,0
14802,0
27585,0
20766,0
24356,1
26726,0
1024,0
25425,1
24166,1
706,1
5605,1
16011,0
12288,0
14242,0
25359,0
14256,0
9621,0
14188,1
20301,1
17820,0
11912,0
5139,1
25759,1
29874,0
10264,1
17440,1
19156,0
16149,0
19808,0
11239,0
27743,0
5815,0
11153,0
10952,0
22475,0
22147,1
13578,0
25140,1
27248,0
21667,1
22829,0
26385,0
14215,0
25868,0
14920,0
21292,1
867,0
3223,0
16198,0
9393,1
27378,1
6603,0
16688,0
29384,0
9193,1
20630,1
8677,0
7176,0
6165,1
8890,0
16005,0
23863,1
4406,0
9527,0
12216,1
21589,0
7555,0
7086,0
23708,1
14887,0
4640,0
5392,1
14481,0
8743,0
2534,1
9227,1
3698,1
26089,0
27896,0
22975,1
21951,1
21218,1
16115,0
24379,0
29495,1
20713,0
22590,1
23437,0
929,1
6886,1
7101,0
5457,1
9094,0
27305,0
23184,1
17920,0
15874,1
9649,0
12478,0
19729,1
17182,0
3123,0
9301,0
29295,0
5415,0
4385,0
11189,0
19272,0
10950,1
19418,1
10084,1
28740,1
26311,1
1412,1
11451,1
29848,0
9310,1
22844,0
15245,1
5750,1
3511,1
14146,1
24141,1
29072,1
19265,1
21006,1
6945,0
14510,1
2765,0
15695,0
16414,0
13111,1
3069,0
19070,0
27098,0
7050,0
4470,0
6326,1
11683,1
22759,0
12671,0
14065,0
20503,1
4904,1
13558,0
9100,1
5844,0
15802,1
29936,0
12618,1
22166,1
8280,0
27895,0
29884,1
9702,1
18186,1
28721,0
6532,1
5326,0
26052,0
6539,0
9580,1
912,1
12168,0
492,0
20339,1
23910,0
16551,0
1389,1
20640,0
5860,0
17597,0
6647,1
1699,0
17757,1
3299,1
4973,1
15492,0
17134,0
10841,0
24532,1
24048,1
18068,0
16471,1
16868,1
21610,0
25046,1
9490,0
13631,1
21480,1
13495,0
29158,1
12574,0
24581,0
27835,0
11592,0
13686,0
1104,1
29603,0
11083,0
26937,0
9135,0
3923,0
21012,1
29721,0
14899,0
14945,1
11897,1
20805,0
6920,1
24634,1
1476,1
1732,1
2541,1
27604,0
23527,0
25088,0
5712,1
1982,1
23107,0
15394,0
17625,0
2281,1
22097,1
25582,0
1110,1
7213,0
2719,1
25458,1
20028,0
11525,1
2933,1
16443,0
2509,1
8378,1
24186,0
791,1
3821,0
26479,0
24238,1
11503,1
1835,0
25431,1
20045,0
6485,0
16811,1
21894,0
1589,0
6251,0
25340,0
15840,1
5129,0
26923,0
22799,1
23693,1
4094,0
27035,1
17901,1
16704,0
25694,1
12456,1
20392,0
4570,0
4344,0
26874,0
5785,1
7919,0
23212,0
4105,1
21602,0
29705,1
24790,0
5928,1
9683,1
8212,1
20445,0
29215,0
26407,0
3266,0
2389,1
2498,1
16271,0
11258,1
12682,0
4204,0
19671,0
15429,0
13545,1
5046,0
5187,0
26483,0
28418,0
28990,0
7582,1
6484,1
26475,0
21354,0
8410,0
47,0
15618,0
18969,0
14306,1
10190,1
29000,0
29418,0
17384,0
3580,1
27095,0
12284,0
17093,0
10203,0
29747,0
10466,0
26028,0
23067,0
25229,0
17167,1
29723,0
244,0
29273,1
24742,1
17117,0
11445,1
22749,0
4422,0
2951,0
24809,0
4029,0
24576,0
1662,1
17958,0
24782,1
16994,1
14688,1
20800,0
24647,1
15288,0
10125,0
12229,1
7476,0
5805,0
3711,0
24103,0
3032,0
1938,0
5454,0
7999,0
25180,1
17776,0
29517,0
29659,0
26454,1
21483,0
10856,0
28235,1
10040,1
1283,0
15462,0
4352,1
7648,1
26256,0
3844,1
21784,1
5825,0
21131,1
12591,0
5116,1
13587,0
22561,0
7574,1
17522,0
7614,1
11292,0
18427,1
19960,1
16557,0
12703,0
11062,0
6146,1
11283,0
4373,1
9876,0
19296,0
25289,0
23792,0
23668,0
5283,0
5215,0
53,1
19356,0
17445,0
3354,0
24972,0
25104,1
23335,0
18755,1
26788,0
14447,1
17320,0
19978,0
6789,1
10009,0
1599,0
21991,0
5728,0
211,0
12012,0
23503,0
24460,0
19176,1
2141,0
4304,0
11454,0
14576,1
6396,1
10386,1
22569,0
14754,1
24076,1
17787,0
14404,1
502,0
23010,0
16993,1
12543,0
16419,1
27951,1
17006,0
9988,0
26915,0
16651,1
17928,1
8714,0
29124,0
19982,0
10060,1
7452,1
26457,1
24408,0
9321,1
21369,1
4914,0
19508,0
24241,1
6224,0
5237,1
29732,1
18732,1
4121,1
29357,0
28916,1
5658,0
3194,0
21291,0
24522,0
3163,0
11968,0
8942,1
11190,0
26146,1
12918,1
1739,1
14009,1
8619,0
13163,0
11316,1
9699,1
20834,1
19473,1
13886,0
10063,0
11914,0
29238,0
25240,1
29788,0
14898,0
9873,1
19807,1
9402,1
6949,1
24376,1
28009,1
12403,0
7654,0
28676,0
26388,1
2961,1
6434,1
18725,0
20283,1
7210,0
13316,1
23589,0
3830,0
2843,0
3054,1
6731,0
11512,0
13062,1
17548,1
25748,1
12260,0
9085,0
15054,0
15031,1
11629,0
17898,1
15839,1
27651,0
8659,0
3428,0
14005,0
15738,0
14836,1
26572,1
27449,1
20986,1
3173,1
25474,0
28654,1
9170,1
3930,0
16834,1
6249,1
18598,0
2062,1
2565,0
23787,1
14406,0
17247,1
29428,0
23833,1
1967,1
23091,0
21314,0
5097,1
2901,0
1691,0
18522,0
4414,1
507,1
2044,0
19591,1
23168,1
16720,1
17496,1
11289,1
6405,1
26639,1
24075,1
15421,1
6187,0
21821,0
10644,0
18981,0
20318,1
26759,1
7787,1
20823,1
29039,0
13996,0
1570,1
23309,0
24358,1
25311,1
16503,0
28698,1
13067,0
11770,0
22566,1
9713,1
14875,0
6742,0
13318,1
1267,1
12837,0
1303,1
25559,0
18041,0
26602,1
1969,0
19805,0
14245,0
3116,1
3640,1
1963,0
11926,1
22198,1
6463,0
9444,1
1048,1
20889,0
17497,0
11417,0
27810,0
22876,0
29852,1
6389,0
1759,1
11434,0
29543,1
8732,0
12399,0
22719,1
25466,1
10822,1
22201,0
17225,0
24931,0
6481,0
14751,0
12921,1
9756,0
19886,1
27812,0
22870,1
15603,1
13582,0
21553,1
29950,0
6758,1
2755,1
16430,1
7421,1
981,1
26019,1
18404,1
8635,1
335,0
14728,0
17542,1
25823,0
21962,1
23663,0
8640,1
28032,0
22651,0
14764,0
9267,0
10715,1
4348,1
23144,0
19262,1
22714,1
275,0
10366,1
12120,0
5524,0
25275,0
28856,0
10728,0
17266,1
22544,0
5473,1
18599,0
21091,0
12407,0
17069,0
20312,0
20019,1
4992,1
1397,1
12433,0
15278,0
11334,0
17220,1
21505,0
20821,1
6071,1
9062,0
658,1
8506,1
28815,1
6903,1
24419,0
1435,0
18125,0
8864,1
6129,0
29894,0
944,0
7487,1
3929,0
9385,0
11192,0
19312,0
20157,0
29673,0
26395,0
17796,1
5222,0
11718,0
20628,0
3579,1
8529,0
13310,0
21923,1
906,1
7841,0
2618,1
24337,0
6952,0
11404,1
8970,1
21485,0
11582,0
21888,1
9927,1
18791,0
3059,0
28663,0
8145,0
17449,1
16747,0
22772,0
22391,0
15819,0
16738,0
28437,0
6889,1
16604,0
4603,0
15484,1
6825,0
331,0
25444,0
19698,1
11816,0
28100,0
20258,0
14243,1
22998,0
15080,0
2287,0
29204,1
23596,0
20169,0
10959,0
4297,0
4750,0
12711,0
23468,1
21869,0
1183,0
4773,0
29742,1
20957,0
12987,0
5536,1
11583,0
9392,0
24471,0
7793,1
27295,0
16681,1
14619,0
3549,0
26757,0
28248,0
23835,0
5438,0
20062,0
12537,0
21003,0
12585,0
12595,1
10134,0
22268,0
11069,0
17557,1
10497,1
21968,1
3395,1
21252,0
22543,1
10002,1
6441,1
5041,1
5599,1
22686,1
8296,0
17244,1
15985,1
5573,0
29256,1
28529,0
22040,0
9947,0
26332,1
23813,1
1665,1
21780,0
29551,1
23704,1
23240,1
27487,0
22086,1
6880,0
17035,1
12742,1
8911,1
4784,1
25916,0
10877,0
8162,0
12844,0
21097,0
27801,1
5926,1
14354,0
7327,1
289,0
3526,1
27658,0
7781,0
14725,1
25984,0
23346,1
122,0
11962,1
2715,0
891,1
1244,1
14543,1
27770,0
19867,0
17674,0
18603,0
9173,0
7569,0
28628,1
5534,0
15182,1
21346,0
15378,1
17502,0
28550,0
9247,0
703,0
11627,1
13054,0
5689,0
13928,1
7376,0
18673,1
24449,1
27052,0
22124,1
13358,0
4480,1
26328,0
12365,1
26399,0
1036,1
16762,1
28768,1
27908,0
21817,0
23209,0
3708,0
7108,0
29305,1
11728,0
10022,1
26263,0
20142,0
6917,0
14418,0
24388,0
11401,1
17352,0
16526,0
14314,0
16216,0
17500,1
9812,0
21124,1
7653,0
26622,0
10017,1
8481,1
13621,1
29855,0
2902,0
7601,0
11248,0
4439,0
19196,0
18879,1
3489,1
716,0
6935,0
6135,0
11161,1
29812,0
12194,0
21789,1
5305,1
21027,0
1449,0
9148,0
402,1
14601,1
27922,0
18653,1
16696,0
29475,0
6657,1
3397,0
16975,0
8371,1
12408,0
23786,0
9732,1
23073,0
24083,0
11944,0
15571,0
4786,0
28152,1
13011,0
21243,0
28844,0
3793,0
12634,1
8869,1
16934,1
16399,0
15481,0
22612,0
24948,0
13627,1
28869,0
13484,1
29601,1
10994,1
4878,1
22512,0
10580,0
24638,0
25734,0
14443,0
28557,0
18630,1
7786,0
9288,0
20279,1
17591,0
22297,0
29519,1
25543,0
1511,0
23132,1
4340,0
23386,0
2120,1
25764,0
29293,0
8762,0
7114,1
24203,0
11176,0
18153,0
14417,0
29869,0
4845,0
21047,0
200,1
14170,1
3456,0
5980,0
12093,1
5571,1
3593,0
20641,0
1338,0
12463,0
7828,0
6836,1
4820,1
12691,1
21269,0
10218,0
10782,1
18066,0
7031,1
4071,0
1946,1
9903,0
4247,1
15430,1
14504,0
4451,1
13476,1
2773,0
28039,0
28992,1
6635,1
9905,1
12594,1
1415,0
16184,1
28626,1
8780,1
21642,1
22865,0
14249,0
145,0
23333,0
29560,0
1051,1
23234,1
20468,0
12692,1
9195,0
1513,0
6493,1
11467,0
10230,1
23310,0
25419,0
22346,0
14223,0
16639,1
3028,1
19280,1
16585,0
14698,1
25816,1
1819,1
22973,1
19884,1
7851,0
20329,1
24204,1
9398,1
15784,1
18369,1
16346,1
17288,1
29027,1
28817,1
20883,0
18271,0
18354,1
17688,1
7504,0
5876,0
11859,0
19663,1
2276,0
24456,0
25254,0
27021,0
16660,0
16894,0
6926,0
19036,0
20704,0
27935,0
17472,0
26054,0
4956,1
29344,0
8391,0
26542,1
24149,0
24469,1
16606,0
21764,0
29485,1
6253,0
22503,1
4323,1
2636,1
21631,1
23024,1
28684,1
5136,1
26232,0
27368,1
14749,1
8630,0
28201,0
19378,1
3790,1
25456,0
25162,0
12597,0
25385,1
26261,1
16571,0
16584,0
7800,0
24810,0
24397,0
20337,1
19468,0
22069,0
26208,1
25638,0
13156,0
19061,0
9000,0
7287,0
9919,1
15337,0
2137,1
8736,0
8035,1
27082,1
29695,1
18470,0
7889,1
25906,0
21479,0
4166,1
11029,1
12137,0
24372,0
9548,0
10611,1
12386,0
9001,1
6689,1
11652,1
7013,0
17269,1
27175,1
262,1
13401,1
21868,1
27567,0
15290,0
25992,0
6759,1
15498,0
15392,0
22671,0
18191,0
19861,0
7034,0
17409,0
8050,1
26085,0
22522,0
7500,0
14816,0
28970,1
13657,0
657,0
7902,1
15801,0
4405,0
28784,1
5340,1
6189,1
14995,0
7885,0
4257,0
13100,0
6150,0
5285,1
16218,0
8461,1
5680,1
5006,0
1445,0
14615,0
19443,1
10213,0
24746,1
15583,1
24625,1
29675,0
2868,1
5976,0
13192,0
8980,0
19402,0
20994,0
25234,1
13611,1
25649,0
10414,0
24017,0
3807,1
9656,0
29515,1
27999,0
1490,0
12731,0
15001,0
20722,1
25239,0
14790,1
28782,0
1367,1
23459,0
4740,1
8467,1
26528,0
8611,1
4885,0
11332,1
3602,0
8761,1
14530,0
2465,0
12864,1
5672,1
3046,1
3185,1
14312,1
4116,1
25576,0
812,1
5221,0
9645,1
23406,0
6050,0
14462,0
368,1
8828,1
27024,1
27007,0
14320,0
15853,0
14879,1
128,1
21207,0
874,0
24481,1
12059,0
15058,0
20760,1
17996,0
457,0
22896,0
16517,0
19045,0
8705,0
12814,0
3843,1
15300,0
2406,0
27187,1
9184,0
10528,0
13041,0
14837,0
16982,1
3777,0
12741,1
26059,0
5981,1
15343,0
20442,1
21440,0
12970,0
15275,0
23350,1
19078,1
6827,1
15500,0
7126,0
20313,1
29882,0
19538,0
17914,0
23513,0
12037,0
9607,1
8376,0
26088,1
25441,0
24540,0
537,0
28318,0
12182,0
27199,0
11294,0
6897,0
13364,0
3287,0
8083,0
26451,0
5344,0
15758,0
17387,1
16318,0
14338,0
6634,1
4606,1
23049,0
27718,1
23529,0
15514,0
28499,1
8349,1
29349,0
4038,0
2567,0
15663,0
19935,0
11375,0
3001,0
7336,1
21094,0
10334,1
2974,1
7506,0
10306,0
19010,1
16535,1
10245,0
13659,1
24334,1
21537,0
5450,1
28598,1
21515,0
22230,0
4585,0
25835,1
29340,0
7268,0
4085,1
12111,0
16913,1
20234,0
7440,0
15120,1
11205,1
2642,1
21644,0
9332,1
26600,1
14571,0
11960,0
11437,0
29616,0
7559,1
972,0
1454,0
881,0
3387,0
24606,0
2464,1
6978,0
12746,0
13469,0
9688,0
18304,0
25592,0
15919,1
27521,0
22940,0
9562,1
29725,1
23036,0
10128,0
11216,0
10882,1
8138,0
26989,0
18308,1
17912,1
20593,0
28369,0
1742,1
16424,0
11005,0
4950,0
28780,1
3024,0
2584,1
15100,1
20166,0
26339,1
4851,1
29622,1
29664,0
22706,0
21482,1
26179,0
27446,0
1724,0
8486,0
347,0
13029,0
8822,0
25677,0
7535,0
23390,1
21580,1
8887,0
24885,1
10505,0
7302,0
20024,1
25810,0
3051,1
29522,1
11336,0
24040,0
7749,1
9382,0
10934,1
6033,0
9622,0
2725,0
18009,1
10899,0
21376,1
10987,1
4739,1
4833,1
8091,1
12933,1
21860,1
9117,1
15135,0
10393,0
29412,1
24368,0
2172,0
25144,0
24331,1
4660,0
17118,1
13790,0
29967,0
1995,0
16116,0
19279,0
3499,1
486,1
12793,0
5027,0
13370,0
28607,1
5253,1
14958,0
3567,1
8674,1
21624,0
9162,0
15939,0
19084,0
17645,0
15077,0
29866,0
25265,1
28079,0
24553,1
26027,1
6030,0
9993,0
25324,1
15295,1
28837,0
24126,0
17586,1
21944,0
5577,0
7722,0
22889,0
2650,0
22742,1
8958,0
15316,0
2580,0
8973,0
15011,1
18387,0
13131,1
11498,0
5800,1
27910,0
10508,1
2806,1
26854,1
20493,0
292,0
9335,0
12560,1
21522,1
15787,0
28485,1
17310,0
10621,0
16240,1
13272,0
7677,0
15489,0
4514,0
26665,0
2950,1
1766,1
5659,0
6479,1
6068,1
16179,1
18364,0
3886,0
4700,0
22334,1
23686,1
20625,0
13885,1
27519,0
13863,0
27157,1
28076,1
24834,1
14854,1
18937,0
7899,1
11071,1
29864,1
25821,0
5140,0
4891,1
4187,1
22267,0
14089,1
13638,1
6905,0
14810,0
4789,0
742,0
2798,0
6658,0
29963,1
2550,0
28469,0
19065,0
16416,1
25813,0
5226,0
21096,1
22860,0
24650,0
28390,1
2497,1
22287,0
11249,0
13134,0
19101,0
8923,1
26134,0
26980,1
29119,1
3107,1
10651,0
6429,1
1828,1
16791,1
641,0
19575,1
11814,1
29568,1
25554,0
24340,0
13279,0
29774,1
14109,0
22017,1
954,0
25329,1
4635,1
2030,0
9792,1
22115,1
20352,0
3050,1
17428,0
27000,0
9052,1
17658,0
5069,0
20137,0
2311,0
13633,0
28319,1
16920,1
12426,1
19317,0
5287,1
29949,1
26904,0
28153,1
15812,0
1203,0
28416,0
481,1
12822,0
14286,1
26803,0
22586,1
9682,0
14757,0
8651,0
1323,0
13309,1
16542,0
29269,1
15987,0
10072,0
22422,0
8014,1
17937,0
5679,0
19126,1
9129,1
7496,0
13639,1
28205,1
22976,0
28867,0
20802,0
13064,1
928,0
8059,0
7937,0
11933,0
16636,0
23744,0
22172,0
24247,0
16136,0
26555,0
8048,0
13846,1
20870,0
22785,1
15576,1
26597,1
26428,0
15059,0
15809,0
12805,1
24415,1
11626,1
2222,0
15538,0
18305,1
28334,0
18267,0
29555,1
8228,0
12302,1
14648,0
29149,1
12084,1
7683,1
513,1
28429,0
21341,1
15558,1
28391,1
18777,0
12705,1
25168,0
26836,0
28631,0
28243,1
1457,0
20036,0
8215,0
28822,1
8395,0
24335,0
12424,1
20285,0
18335,1
25701,0
20606,0
23119,0
29029,1
4059,0
6288,0
4255,1
3781,1
9799,0
27514,1
20967,1
6881,0
27994,1
15673,0
10013,0
16340,0
28197,0
29900,1
2956,1
14308,1
12134,0
29833,0
26702,0
5565,1
6127,1
29989,1
231,1
25198,0
6259,0
13127,0
15362,1
3779,0
9689,0
15110,1
2763,0
10780,0
25515,1
24120,0
10186,0
23318,0
20543,0
9533,0
1554,0
27318,0
13174,0
8940,0
23791,1
20654,1
19797,1
12866,1
20772,1
7389,1
23051,0
23767,1
24799,0
22186,1
16275,0
10655,0
8058,0
3917,0
3495,1
17032,0
1902,1
23980,1
24491,0
25729,1
20572,0
27086,1
1337,0
15136,1
29658,0
25412,1
19773,0
23458,1
1471,0
20862,0
24464,0
5465,0
2904,0
18512,1
19315,1
3595,0
1643,0
26592,1
4901,0
23675,0
27191,0
5854,0
16404,0
4547,1
18910,1
29416,1
12969,0
4221,0
5036,1
6174,0
12740,0
16835,1
6461,0
2134,0
5955,0
11964,0
8148,0
27726,0
21334,0
8201,0
12369,0
1216,1
15023,1
8872,1
22560,0
8031,0
10557,0
9568,1
15181,0
25733,1
28866,0
25687,1
1716,0
2486,0
20732,0
16686,1
4521,0
14813,0
23355,0
11263,0
22221,0
13034,0
27428,1
23745,1
10095,1
20131,0
8197,0
20848,1
13856,1
28266,1
12575,0
8241,1
4171,0
11092,0
2852,0
1890,1
20085,1
14262,0
14007,0
21017,1
22861,0
18099,0
6152,1
3442,0
17078,1
22113,0
21744,0
24004,1
16937,1
2919,0
4345,0
18127,0
18994,1
937,0
18655,1
29981,0
17049,0
10778,0
753,0
3493,0
14412,0
13203,1
28157,1
16972,0
13798,0
26548,0
13521,1
14767,1
23870,1
24787,1
21513,1
23615,1
10444,1
8181,1
1148,0
20861,0
13292,0
6770,0
13499,0
4752,0
27944,0
23992,0
6837,0
17841,1
19173,1
25884,1
28714,0
11817,1
20219,0
24201,0
26320,0
8226,1
26922,0
17905,1
24723,0
11678,0
19385,0
26068,1
17285,1
17554,1
18124,1
28686,1
5395,1
8863,1
14960,0
14580,0
7686,1
1046,1
3309,1
23110,1
13688,0
22109,1
27185,1
21922,0
5611,0
4844,0
21451,0
3663,0
16357,0
11033,1
1531,0
16241,1
3639,0
6001,0
24795,0
13678,1
25756,1
4597,1
25969,0
3285,0
17434,0
22837,0
8207,1
28147,1
10813,1
22764,0
6527,0
9565,0
28575,1
11195,0
5156,1
29271,0
8649,0
8959,1
9939,1
22242,1
6205,1
27715,0
11901,0
6528,0
13903,1
8195,0
13378,1
26634,1
17009,1
8325,1
13488,0
3726,1
21248,1
11846,0
14041,1
5816,1
2727,1
15166,0
20162,1
10954,1
11265,0
29906,0
1948,1
25418,1
533,0
23672,1
18338,1
26010,0
18055,1
22831,0
1613,0
17017,1
4646,0
23405,0
22329,0
12676,1
4772,1
1960,0
24318,0
5333,0
13562,1
18906,0
18171,1
6335,0
10014,0
6004,0
28116,0
16907,0
17867,1
24475,1
19842,1
21766,0
6483,1
7595,1
27996,0
1114,1
36,0
1731,0
26608,0
25154,0
7546,1
22161,0
1472,0
20770,0
19637,0
27364,1
13345,0
3449,0
7580,0
22592,1
29021,0
1423,1
13890,0
17991,1
17814,1
2056,1
14128,0
16294,0
24829,0
23664,0
6745,0
10970,0
18190,0
7977,1
27110,0
14835,1
14951,1
1636,0
10691,1
26465,1
24327,0
12234,1
12650,0
27205,1
25493,0
17453,0
27635,0
24219,0
22655,1
27182,0
383,1
3170,0
4169,0
20006,0
23710,0
27864,0
13819,0
16008,0
19848,0
12458,0
28785,1
20905,0
8779,0
18131,1
28510,0
7304,0
19275,0
28518,0
26543,0
2010,1
28852,0
18633,0
11772,0
19932,0
15774,1
26298,1
13742,0
12838,0
20478,0
10631,0
21144,0
9566,0
1347,0
18336,1
28115,1
8399,1
719,0
1772,1
24815,1
22519,1
2405,1
24310,0
27934,1
25639,0
10601,1
11506,1
3875,1
19862,0
2596,0
2005,1
3636,0
15988,0
25572,0
7526,0
22088,0
7446,1
2409,1
15559,0
2143,1
22363,1
25297,1
22993,1
29841,0
8179,0
14024,0
25470,0
24513,0
11225,1
9215,0
21237,0
21456,1
28794,0
8477,0
4990,1
10883,1
5462,0
6393,1
12877,1
17245,1
2948,1
13985,0
13260,0
16176,1
6704,0
18789,1
7579,0
9397,0
10320,1
23512,1
28690,0
16234,0
23924,0
12283,1
10183,1
27212,0
11528,1
4502,1
19081,0
23425,0
17231,0
24565,0
2753,0
24767,1
24667,0
7279,1
17804,1
4161,0
1667,1
6254,0
3471,1
8427,0
21939,1
11322,0
22311,1
4814,0
3271,1
26398,0
18549,0
18613,0
994,0
4342,1
27256,0
5043,0
12651,0
20522,0
11616,1
26210,1
12759,0
6700,0
14965,0
16852,0
28578,0
20240,1
13986,0
24798,1
17830,0
18591,0
803,0
14718,1
28194,0
13815,0
7673,1
18834,0
10088,0
19549,0
5184,1
12203,1
10276,0
20256,0
18529,0
14352,0
14060,0
4795,1
8471,1
7732,1
6506,1
24909,0
8517,0
737,1
6621,1
19048,1
17432,0
4743,0
284,1
19760,1
21227,0
25176,1
13843,1
2251,1
2260,0
3452,0
5349,0
21087,1
6025,0
9774,0
8239,1
28419,0
15326,0
11548,0
23099,0
9962,0
10945,1
25978,0
5019,1
7537,1
4818,1
7354,0
7203,0
10382,0
3703,1
26755,1
18372,1
8484,1
9290,1
15417,0
17162,0
8903,0
3947,0
9503,0
25954,0
19264,1
15976,1
1806,0
7113,0
17903,1
24621,0
23137,0
5158,0
27292,0
2317,0
11891,1
15916,1
18183,1
16273,0
6238,1
29505,0
15000,1
29284,0
22954,0
2085,0
4149,1
3330,1
9059,1
19225,0
27882,0
23534,1
20792,1
2875,0
11842,0
23518,0
24147,0
14577,0
25127,0
26681,0
7768,0
20950,0
4708,0
9518,0
15786,1
26711,1
24561,0
14059,0
24024,0
27271,0
19607,0
24990,0
17299,0
22687,0
26821,0
10430,0
15193,1
18498,1
29427,0
23851,0
281,1
25408,1
20622,0
19940,0
6636,0
6423,0
11068,1
27572,0
16708,1
24869,0
19636,1
9241,1
4953,0
12531,0
6351,1
4157,0
3770,0
28772,0
23215,0
28107,1
24896,1
20287,1
14321,1
27937,0
15046,1
1180,0
6188,1
20185,0
4975,1
10445,1
28122,1
22240,1
20997,0
23844,1
14153,1
13746,1
11777,0
7030,0
21811,1
8874,0
7229,0
15714,0
20724,1
19988,1
5698,0
28801,0
4035,0
16098,1
19417,0
19474,0
1122,0
10227,1
26034,1
22710,1
28224,1
960,0
2363,0
7222,0
4286,0
22546,0
17868,0
4916,1
11492,1
24942,1
17190,0
6216,0
5426,0
16360,1
21115,0
7883,1
10736,0
20443,0
5554,0
10360,1
20373,0
9189,1
17403,0
9545,0
6530,0
10106,1
24216,0
5778,1
21220,1
26843,0
21612,0
18933,1
22630,0
1164,0
1176,0
9039,1
14303,0
29449,0
28942,1
14234,0
4852,0
26736,0
4210,0
8841,0
2278,0
18350,0
3190,0
26223,0
15510,0
8006,0
22567,1
4321,1
5497,1
28177,1
3972,0
21102,1
20836,0
4811,1
22104,1
10748,1
13868,1
15530,0
17511,1
25646,0
148,0
17400,1
8764,1
4274,0
29440,1
5216,1
27486,1
19192,1
13767,0
23593,0
44,0
6464,1
9251,0
24837,1
29804,1
29910,1
19467,0
27078,0
6036,0
27141,0
11645,1
14442,0
6869,1
19014,0
13196,1
12282,1
19798,1
14788,0
27767,0
7810,1
20476,0
27072,0
11998,0
12757,1
3317,1
3841,0
13149,1
15274,0
20038,0
13303,0
5380,0
24916,0
19080,0
3940,1
4689,1
9694,0
7691,1
25450,1
14686,0
24835,1
10837,0
8219,0
13145,1
9797,1
14367,1
3596,0
2695,1
997,0
3211,0
11771,0
28291,0
12859,1
23351,1
13614,1
14413,0
18177,0
5355,0
23764,1
17639,1
23576,1
15243,1
12709,0
23892,1
7802,0
6503,1
28752,1
9539,0
26582,1
10756,1
8545,1
28139,0
21797,1
1483,1
2446,1
4420,0
19723,1
17703,0
22552,0
27386,0
3103,0
28210,0
14868,1
17934,1
14547,1
19520,0
23505,0
5461,0
29328,0
5733,0
13356,1
24786,0
24831,0
8617,0
9379,1
3427,1
26169,1
5628,0
9627,0
15109,0
7380,0
24959,0
9987,1
9045,0
22328,0
5378,0
17897,1
27365,1
8146,1
14765,1
25741,1
10422,1
25358,0
24785,0
17228,1
11135,1
26110,1
20253,0
22189,0
24800,0
22051,0
22504,1
11483,0
1324,0
23653,1
6320,1
15365,0
24622,0
19571,0
26569,1
19775,1
10993,1
23493,0
504,1
10766,0
20684,1
9576,0
27727,0
25296,0
14230,0
9329,1
26946,1
19328,1
16075,0
12614,0
13253,1
29435,0
8472,1
12681,1
18224,1
29572,1
15453,1
18774,0
6203,0
21927,0
11254,0
13097,0
26850,0
1604,1
6096,0
18844,0
29315,0
9186,1
25318,1
21209,0
6866,0
29599,1
25610,1
1034,1
28242,1
22397,1
20002,0
26640,0
5338,1
20576,0
9163,0
12954,1
7607,0
3845,0
18741,0
25961,0
9359,1
13439,0
4690,0
20499,1
28791,0
11606,1
23364,1
14252,0
19370,0
1057,1
8769,1
5842,0
12472,0
1184,0
11819,0
21072,0
24381,1
4642,1
9832,0
1348,1
15730,1
27565,1
15688,0
28161,0
264,1
4394,0
23795,1
18727,0
27014,1
16368,1
10105,0
25715,0
29375,0
5313,1
22952,1
28030,1
21508,0
5095,1
151,1
3230,0
8319,1
20298,0
13820,1
7429,0
12379,1
10677,1
8106,0
18763,0
20573,1
25323,0
11841,1
20731,0
22234,1
29229,0
9049,0
18205,0
5512,0
20822,0
19429,0
13498,1
8408,1
19043,0
22685,0
17990,0
25597,1
28006,1
6282,0
5196,0
27575,0
4680,1
7890,0
23301,1
26683,1
24708,0
16805,0
13103,0
22406,1
24223,0
8243,0
6632,0
316,1
20321,1
15506,0
1916,0
17803,0
5707,0
22553,1
11317,0
24963,0
24080,1
26002,1
6893,1
24093,1
24345,1
24676,0
15580,1
2118,1
10406,0
2814,0
7511,0
26350,0
27001,0
11920,1
26648,0
291,0
17558,0
12982,1
16810,1
23352,1
23567,0
15778,1
2215,0
22180,0
6109,0
7364,0
876,0
5220,1
3994,1
23477,1
22982,0
14727,1
11359,0
9009,0
29211,0
9424,0
20931,1
5108,0
21499,0
29006,0
2589,0
22266,0
10211,1
15007,1
14190,0
8142,0
1730,0
22949,1
26306,0
29421,0
1388,1
8268,1
26671,0
17979,0
2376,1
13956,0
1134,1
14317,0
6900,1
28653,0
2593,0
14281,1
12851,1
9793,1
27036,0
2301,1
10133,1
5406,1
11360,1
7935,0
10019,0
15441,1
14118,0
25124,1
19005,0
11015,0
12959,0
26673,0
20480,1
2502,1
14973,0
20788,0
24142,0
26902,0
12423,0
24000,1
24817,1
20845,0
18928,0
16489,1
168,0
26971,0
11098,0
13963,1
1645,1
14484,0
2415,0
16540,0
4526,1
14811,1
3613,1
25583,0
24711,1
16759,0
2761,1
13388,0
25462,0
21010,0
9684,1
3504,0
248,1
15594,0
25904,1
24574,1
17572,0
451,0
488,0
19295,0
16350,1
5261,0
27016,1
13487,1
16553,0
25187,1
8043,1
12024,1
27227,0
29281,0
20374,0
1064,0
4450,0
21523,1
1115,0
13711,0
29117,0
16573,1
22886,0
21235,0
14067,1
3002,0
15191,1
16729,1
6113,0
4481,0
21118,1
8495,0
17582,0
1663,1
26930,0
28706,1
5456,0
22637,1
23587,0
17629,0
26529,0
14796,1
15279,0
21555,0
10671,1
16250,0
9643,1
20300,0
21245,1
20345,0
22270,0
24967,0
3198,1
5549,0
13107,0
19802,0
9842,1
20987,0
5972,0
8137,1
11904,0
1372,1
23862,0
17257,0
1107,0
18883,0
4027,1
9569,1
16919,0
721,0
28755,1
13165,1
5533,1
7931,0
20839,0
15863,0
5384,1
26890,0
1087,1
25931,1
8820,0
20291,0
27479,1
29462,0
23081,0
26250,0
29088,1
12712,0
17980,0
16600,0
19692,1
7753,1
17466,0
12913,0
8715,1
17444,0
2146,0
16658,0
26300,0
25591,1
20488,0
25106,0
20452,0
11833,1
1312,0
28087,1
5602,0
3609,1
28086,0
21785,0
13877,0
4376,0
4129,1
9599,0
2640,0
4037,1
20583,1
24005,0
23070,0
18129,0
5467,1
3036,1
602,1
23130,0
25464,0
8125,0
25625,0
7515,1
11956,1
29990,0
5663,0
21427,0
6664,1
410,0
6848,0
6353,1
16915,0
3351,1
13525,1
4153,0
24019,1
24448,0
23262,0
22698,1
5514,0
5622,0
11808,1
14735,1
27787,0
18333,0
222,0
7418,0
14814,0
10298,0
28940,1
10370,0
25551,0
5173,1
23957,0
24182,0
381,0
9254,0
650,1
11765,0
13975,1
7457,1
23453,0
1823,0
27384,0
17282,0
11687,0
21108,0
2153,0
12136,1
16892,1
608,0
3590,0
6199,0
18430,0
21155,1
8847,1
14961,0
23771,0
7887,0
29722,1
9113,0
18315,0
22232,0
23123,0
23535,0
22731,0
3422,1
10355,0
11853,1
18088,1
4253,0
26295,0
15542,1
23281,1
7795,0
12484,0
22436,0
11238,0
15866,1
14403,0
7842,1
19305,1
14178,0
27547,0
6391,0
21363,1
9543,0
11604,0
7489,1
232,1
3273,0
26280,0
14892,1
4903,1
9560,0
7956,0
7071,0
13142,0
14050,1
76,1
21842,1
5771,0
1109,0
26005,1
7746,0
2210,1
8256,0
2387,0
749,1
16288,0
25671,0
17204,0
19684,0
7468,1
2360,1
1600,1
477,1
25195,1
21295,0
11716,1
15460,1
4049,1
8475,0
22723,0
9528,1
11612,1
260,1
27912,0
18138,1
24765,0
13406,1
11618,1
23832,1
3538,0
7822,0
10064,0
16884,1
13838,1
25894,1
9961,1
29701,1
2702,1
26468,1
8629,1
4456,1
20887,0
22808,0
18665,0
9021,0
6558,0
9788,1
17527,0
28245,0
11126,1
6309,0
2620,0
3505,0
27404,1
19426,0
8744,0
8232,0
16264,0
1797,0
15086,0
18536,0
12767,1
12297,1
12342,0
16774,1
28776,0
14434,0
4686,1
26744,0
12979,0
8305,0
27153,0
4098,0
5884,0
17185,1
2741,0
25547,1
9633,0
18151,0
27111,0
8171,0
12363,1
20524,0
17972,0
8519,0
20078,0
20729,0
6605,1
28193,0
13720,1
20093,0
14493,1
8618,1
2865,0
16256,0
20211,0
19792,0
25859,1
20212,0
8333,0
22970,1
10598,0
3989,0
20781,1
2351,1
5755,0
14603,0
22614,0
9630,0
6454,1
15098,1
18866,0
15381,1
20491,1
6966,1
4004,1
9330,1
3003,0
13913,0
16037,1
735,0
25253,1
17212,1
28926,0
6626,1
14937,0
19814,1
11829,0
27347,0
24190,0
5666,0
4983,1
12995,1
14586,0
10312,1
21149,1
20497,0
4472,1
6597,0
6242,0
11260,0
6121,0
22625,1
10043,0
25019,0
15140,1
1581,1
26482,0
1912,1
7218,0
92,0
15293,0
189,0
9363,0
10860,0
7025,1
5478,0
20161,1
18375,0
322,0
13550,1
4741,0
22288,0
4292,0
21044,0
14322,0
195,0
2831,0
11905,1
25667,0
14713,1
2517,0
27952,0
15517,0
12888,0
29155,1
7326,1
28431,0
757,1
7252,1
7760,0
29657,0
26425,0
1748,1
12532,0
20387,1
1053,1
19843,0
2445,0
25739,0
11049,0
28600,1
16778,0
24733,0
13615,0
20922,1
11146,1
7137,0
19428,0
20441,1
4794,0
29159,0
19980,1
10564,0
14324,0
4731,0
29501,1
13347,0
7488,1
18859,0
14162,0
10891,0
3754,0
9474,1
15611,0
10012,0
27025,0
1809,1
17963,1
5039,0
16421,0
4815,0
24236,0
4417,1
6873,0
23583,0
25574,0
20632,0
28114,1
22796,0
22111,0
22996,0
2938,0
17129,1
19923,0
5217,0
6595,1
18400,0
15905,0
12834,1
15325,1
17981,1
3885,1
19877,1
18090,0
10866,0
16753,1
2770,0
24155,0
6727,0
26452,0
11479,1
11132,1
8458,1
12103,1
7754,0
11656,1
11948,0
19089,1
24639,1
19369,1
27927,1
19387,1
14149,0
16108,0
14565,0
17113,0
24051,0
6207,0
11488,0
18738,1
18721,0
16025,1
26704,1
16362,1
11831,1
22341,0
14570,0
16097,0
3083,0
26626,0
15138,0
10951,1
18508,1
23319,1
18,0
9608,0
27429,0
27053,1
18086,0
24018,0
13694,0
17211,0
18938,1
2436,1
21914,0
18544,1
27987,0
9099,1
18371,1
1494,0
2009,0
14583,1
5223,0
5228,0
17713,0
26510,1
11593,0
12905,0
2270,0
17436,0
22969,0
16432,1
1802,0
10374,1
15190,0
8417,0
10057,1
9252,1
10257,0
6922,0
26245,1
10912,1
1304,0
21100,0
24183,0
12556,1
24098,1
2735,0
24780,0
19333,1
23690,0
2547,0
5115,0
20041,1
12108,0
27960,0
4561,0
2196,0
6743,0
1704,1
17104,0
1291,0
16190,1
28496,0
7517,0
25588,1
24811,0
26353,0
11012,0
25257,0
4679,0
24350,0
13050,1
16746,0
5909,1
12397,0
16068,0
397,0
5865,1
9738,1
6779,1
25285,1
18356,1
27685,0
4111,1
12523,0
15280,0
8981,0
27063,1
12149,1
1596,0
13836,0
27177,0
7917,0
25845,0
26292,1
6139,1
20199,0
26865,1
25922,0
20192,0
24832,1
11058,0
29065,0
7669,1
14174,0
483,1
773,0
11022,0
22977,1
29110,0
25787,0
7840,0
7603,0
27206,0
17685,1
29129,1
17739,1
13837,0
5099,1
26914,0
2233,0
24573,1
17193,0
18884,0
26894,0
29210,0
2785,1
19372,1
8770,0
3582,0
23860,0
7975,1
21841,1
2320,1
21374,0
6746,1
20510,0
1808,0
9737,0
12333,1
21386,1
7823,0
17677,1
9759,0
8152,0
26652,0
11429,1
21837,0
18290,1
27948,0
19971,0
23317,1
3400,0
27824,0
3920,0
26774,0
20153,0
12028,0
25175,1
3215,0
15625,1
24370,1
16823,0
11569,1
25294,0
28675,1
8136,1
11870,0
18392,1
24970,1
3182,0
3758,1
28378,0
22899,0
17243,0
8214,1
9070,0
13817,0
9155,0
13372,0
16444,0
3617,1
18912,1
3542,0
10440,0
11536,0
1744,1
13489,0
10150,0
4951,1
9536,0
1676,1
14106,1
120,0
24919,1
25636,0
5048,0
4120,1
16861,1
23439,1
3987,1
22812,1
25772,0
13685,0
10484,1
15828,1
5383,0
8673,1
20680,0
22933,1
8049,0
3143,1
13951,0
27964,0
521,1
386,1
12112,0
28357,0
27607,0
28371,0
7543,0
18579,1
12429,0
20223,0
2450,0
27984,0
7105,1
25438,1
439,1
27132,1
5930,0
169,1
26981,0
6356,1
3979,1
24610,1
21233,1
26761,1
3610,1
9354,1
9125,0
4697,0
24900,0
28184,1
24685,1
682,0
12640,1
28877,0
6015,0
8576,0
27195,0
2136,0
13367,1
7306,0
16412,1
29098,1
17560,1
15268,1
460,0
25569,0
6170,0
15742,0
4372,0
28057,0
8338,0
24438,0
12036,0
21898,1
13727,0
29836,1
14045,0
1202,1
21383,0
22407,1
13167,1
24664,0
13726,1
2663,1
18948,0
10283,0
1979,1
7242,1
12668,0
20801,1
20676,1
7303,0
17164,1
28589,0
8558,0
7892,0
11867,1
19245,0
1941,1
28181,0
2529,1
2421,0
8375,0
16016,0
4107,1
13782,0
10646,0
29368,1
12228,0
13759,0
5394,1
4195,1
1076,0
22320,0
17671,0
7556,1
17839,1
1398,1
29245,0
19350,0
17711,0
28480,1
23179,0
14496,0
10964,0
837,0
11057,1
24144,1
14294,0
17084,1
27977,0
2021,0
22118,0
18901,0
14396,0
24380,0
6919,1
23983,1
9535,0
15984,0
16829,1
27394,0
20651,0
26561,1
21705,0
134,0
1335,1
24056,0
6780,0
8,0
4706,0
6673,1
26462,0
18507,0
24562,0
10546,0
22536,1
29611,1
20227,0
4716,0
9427,0
5182,0
21615,0
23423,1
12525,1
12695,1
18113,1
4086,1
24041,0
25911,1
4294,1
25556,1
27184,0
4224,0
16742,1
23981,0
13463,1
19049,0
12830,0
7095,0
8857,0
5585,1
8283,0
23818,0
13362,1
5054,0
4069,0
24494,1
28393,1
965,1
17396,1
15298,0
25533,0
27942,0
13917,0
14581,1
22312,0
9300,0
25738,1
11799,0
20459,0
23154,0
20262,0
9619,0
13327,0
10126,0
2174,0
26817,1
27850,1
14069,0
15323,0
7224,0
8511,0
8055,1
23373,1
5049,1
7092,1
18289,0
9708,0
22121,1
28043,1
14119,1
14269,1
3439,0
104,1
26336,0
29530,0
24433,0
4212,1
27781,0
25107,1
19035,0
14939,1
829,0
9654,0
20908,1
23375,0
5212,1
15610,0
22290,0
27983,0
29713,0
19203,0
29150,0
2435,1
24546,1
23888,0
22412,0
7909,0
17367,0
11748,1
13070,0
15945,0
20079,0
26142,0
3367,1
16462,0
19572,0
21531,0
20966,0
17606,0
13060,0
10830,0
26369,0
8616,0
24917,0
26337,1
15312,1
14657,1
4880,1
12069,1
9090,1
4203,0
27745,1
25083,1
25475,0
8374,0
25903,1
18227,1
15467,0
13020,0
2031,0
19621,1
10176,0
6380,1
5175,1
28488,1
23582,0
12609,0
28183,0
13821,1
2226,1
21025,0
25278,0
22873,1
21819,1
29654,0
16650,0
14785,1
26794,1
19744,0
3329,0
11568,1
22061,0
19076,0
12861,1
12385,0
18963,0
29630,0
27439,0
4044,1
11681,0
16633,1
8901,0
20008,0
24668,0
479,0
22826,1
18569,1
3462,1
22884,0
26911,0
6092,1
14763,0
20141,1
15376,1
20116,0
22036,0
29355,1
25167,0
13925,1
7586,0
648,0
971,1
4259,1
15969,1
7699,0
20600,0
19359,0
20197,0
29776,0
22024,1
24696,1
22379,1
1010,1
7925,1
15447,0
4307,0
29838,0
4016,1
4102,1
14015,1
12095,1
18494,0
3227,0
327,0
14013,0
19987,1
26674,0
11929,0
4991,0
29456,1
10325,0
6613,1
9268,1
19850,1
2195,1
4746,0
23303,1
10550,1
29582,1
8868,0
28953,1
7091,1
25452,1
23861,1
21199,1
4775,1
25448,0
18872,0
15622,0
23241,0
28438,0
29024,0
20624,0
6400,1
5118,0
18399,1
23574,1
16306,1
16724,0
20379,0
17768,1
21490,0
17468,0
2749,0
13352,1
8404,1
24131,1
14476,1
1007,1
5562,0
21136,0
3943,0
26798,1
10824,0
20536,0
11196,0
18907,1
12826,0
7179,1
27383,0
11267,1
23236,1
135,1
26805,0
19314,0
19141,0
16592,1
3352,0
21333,1
3201,1
11599,0
13749,1
24111,0
10905,0
10357,0
6803,1
7740,0
22308,0
27336,1
29064,0
28065,1
317,0
147,1
9805,1
21266,1
14792,1
17783,0
25955,0
5804,1
10099,1
26672,1
9407,0
9296,1
9667,0
6342,0
16145,0
8605,0
25350,0
820,1
4464,0
10261,1
9659,0
3487,1
10558,0
25994,1
24892,1
8689,0
24253,0
14604,0
7221,0
3112,1
8518,1
18007,0
17985,0
8141,0
21079,1
19018,0
14198,1
2496,0
16607,0
14316,0
5941,0
8189,1
2506,0
23302,0
23531,0
23379,0
9164,1
23826,0
16114,0
13182,0
12901,0
22173,0
25298,1
21554,0
27054,0
15818,0
25760,0
21059,0
14866,0
11217,1
1012,0
15954,0
14062,1
17876,0
8644,0
1035,1
6888,1
2271,0
697,1
21299,0
11230,0
3705,1
12025,0
23802,1
1452,0
15398,1
9827,0
7498,0
2791,1
9126,1
3306,0
5517,0
18751,0
27376,1
12903,0
23164,0
13757,0
28031,0
27375,0
9740,1
10348,0
28125,0
25320,1
22660,0
12462,0
15556,1
1889,0
22155,0
22398,0
9850,0
5551,0
27274,1
19931,1
25382,1
5686,1
1414,1
20963,1
1563,0
7347,0
25819,1
4685,0
26580,1
8140,0
5260,0
29216,0
3624,0
12755,1
16096,0
24424,1
19738,0
181,0
17665,0
27829,1
18209,1
22243,0
13745,0
5590,0
470,0
29080,1
29534,0
2167,0
1028,0
11181,0
8571,0
1424,0
14862,0
18693,0
13322,1
6913,0
8394,0
18237,1
10229,1
29578,0
22953,0
13794,0
1193,1
26361,1
22662,0
23644,0
28280,1
5881,1
4158,0
2560,1
13366,0
22856,0
26136,0
17584,1
3735,0
13828,1
17391,0
18600,1
29557,0
22774,1
3861,0
5880,0
27070,1
22112,0
2605,1
22372,1
5103,0
13600,1
1298,0
13573,0
21204,0
636,1
9441,0
24812,0
11946,0
22864,0
7192,0
7475,0
29606,1
19351,1
21405,1
4860,1
15068,0
20136,1
12163,0
7439,1
11840,0
25024,1
11021,0
27532,0
7307,0
13221,0
4060,1
23899,0
15020,1
23383,1
3127,1
16359,0
11818,0
9646,0
8341,0
24538,0
30,0
18832,0
18748,1
15975,0
12865,0
21188,1
3363,1
11125,1
19981,0
9041,0
3669,0
10821,0
26701,0
4346,1
19505,1
2645,1
18281,1
29751,1
1870,0
25758,0
961,0
985,1
25064,0
6435,1
27552,0
29892,0
19320,0
24656,0
13001,0
26155,1
28929,0
13252,0
13417,0
15383,0
21157,0
28766,1
24011,0
16796,0
4388,0
7672,1
9150,0
13583,1
2982,0
3203,0
20229,0
25224,0
15632,1
14361,0
8478,0
1260,1
10464,0
8945,1
12514,0
5730,1
11747,0
11082,1
12934,0
15627,0
29332,0
15731,1
12094,0
10470,0
5195,0
4058,0
22095,1
9686,0
9160,1
28164,0
7162,0
20210,0
16431,0
16770,0
22375,1
22720,0
16952,0
14638,0
25015,0
1430,0
17621,1
12190,0
25641,1
26379,0
3503,1
5515,1
9871,0
27222,1
1564,0
21318,1
24366,0
6984,0
4401,1
8693,1
27893,0
12726,0
17528,1
28961,0
12292,0
28128,0
25565,0
1612,0
27932,0
15698,1
8345,0
15072,0
18117,1
10743,1
8120,0
24067,0
14429,0
16737,1
9274,0
12518,0
17404,1
1515,0
9754,0
20942,0
4011,0
18553,1
140,0
29541,0
10317,0
26829,1
12536,0
19974,0
29222,1
2255,0
17395,0
18941,1
26979,0
23700,1
6505,0
23999,0
25626,0
8881,0
19347,0
3419,0
5688,0
27972,1
20416,1
25573,0
17240,1
21298,0
13083,1
4825,0
3687,0
7758,0
19834,0
10194,0
20466,0
2291,0
4473,0
5479,0
19208,0
17312,0
24924,1
10625,1
27339,1
27905,1
4154,1
29325,0
209,0
29621,1
12796,0
15685,0
23058,0
2606,0
14144,1
2588,1
6663,1
18495,0
13409,1
16163,1
28749,0
11039,0
22461,0
24672,1
13268,1
27202,0
2871,1
21435,1
7572,0
22443,0
10291,0
27023,0
20913,0
21048,1
2906,0
22947,0
2703,1
6073,0
24138,1
22676,1
2352,1
12362,0
11643,0
16493,0
12115,1
1752,0
2300,1
14273,1
5776,1
14186,0
7629,0
12023,1
17478,0
15377,0
16923,0
24552,1
1641,1
15444,1
24369,1
15551,0
2493,1
24608,0
5318,1
22495,0
16986,0
28621,0
12785,0
29880,0
6721,0
6281,1
22355,0
17098,1
20091,1
20808,0
20972,0
20949,0
19340,1
19753,1
26687,1
5033,0
26516,1
3111,0
17680,1
13982,0
23654,0
25619,1
11810,0
22323,0
6804,0
23108,1
25676,1
6443,1
24836,1
25354,1
29921,0
2211,1
14145,0
23109,0
25704,1
29172,0
21754,1
252,0
22942,1
619,1
17091,0
6363,1
24681,1
28330,1
15875,0
22654,0
25722,0
21404,1
8766,0
19012,1
29153,1
8271,1
18489,0
8337,0
5404,0
12730,1
1475,0
10541,1
15474,0
17935,1
13470,0
10373,0
9071,1
1714,0
20000,1
3996,0
466,0
20534,0
19456,0
26408,0
709,0
22374,0
21359,0
21070,1
7908,0
1257,1
15706,0
4717,0
13003,0
6419,0
24293,0
21320,1
12348,0
23685,0
16491,1
8294,1
2555,1
11898,1
16165,1
1339,0
27669,1
24722,0
19127,0
25204,1
24117,0
25020,1
5366,1
10723,0
6677,0
23258,1
16615,0
10340,0
18254,0
2866,0
16976,1
21598,0
29274,0
3837,0
29037,1
19566,0
18146,0
4123,1
21093,0
684,0
16038,0
26464,1
17682,0
1292,0
19435,1
19576,0
15574,1
21109,1
16799,0
14529,1
7048,1
10371,0
25856,1
10476,0
14465,0
19023,1
26611,0
29931,0
29796,1
22202,0
26553,1
18246,0
27892,1
7349,1
25149,1
5475,0
6761,0
9411,0
8501,0
15354,1
8972,0
14172,0
1384,0
15338,0
2442,0
22033,0
22564,0
21836,1
14882,1
20554,0
21942,0
13541,1
24070,0
18660,0
8100,1
27609,1
11380,0
23187,1
16854,0
20906,0
5526,0
21170,0
17172,0
28919,1
432,1
11986,0
14855,0
27679,0
2752,1
21492,0
12452,0
6236,0
29615,1
1867,0
9028,0
7295,1
125,1
452,1
28297,0
1607,0
17076,0
14970,0
23037,1
14218,0
29198,0
14515,0
29978,0
15886,0
6754,1
15014,1
14477,0
24436,1
25237,1
6378,1
22874,0
8095,0
21619,0
12291,1
19659,0
26159,1
19201,1
24981,0
13045,0
2082,1
15261,0
23880,0
20052,1
18431,0
6420,0
171,0
26494,0
11045,0
13703,0
2091,0
15237,0
8359,0
24435,0
24657,1
7881,1
11008,0
7470,1
24163,0
8953,1
11400,0
10092,0
23595,1
6499,0
27525,0
14734,1
21577,0
17038,1
3510,0
7641,0
25387,1
12679,0
12931,1
22384,1
19780,0
17519,0
5999,0
4,1
15570,1
1633,0
18116,0
22960,1
7570,0
17037,0
24876,0
16446,1
27155,1
3394,1
18761,1
467,0
10055,1
19422,0
11910,0
29047,1
23993,0
9808,0
19001,0
4339,0
10581,1
17329,1
22585,0
3629,0
7794,1
17690,1
10207,1
22157,0
15366,1
12158,1
5677,1
11035,1
15915,0
28845,0
22924,0
24229,1
8541,0
20842,0
7093,0
27225,0
20473,0
28677,1
8915,0
845,0
24258,1
16595,0
16497,1
10031,0
17942,1
7666,1
6504,0
3398,0
25367,0
1399,1
8102,0
4218,0
28267,0
26267,0
7482,0
10323,1
13792,1
11509,0
16208,1
24564,1
8933,1
796,0
8022,0
22167,0
7923,1
19028,0
23996,1
29461,0
6747,0
25689,0
6367,1
23295,0
28044,0
24629,1
23159,0
20512,0
9015,1
24914,0
19600,0
22077,1
16418,0
10990,1
16425,0
11118,0
24109,0
26033,1
4336,0
13954,0
4551,0
9898,0
3694,1
17156,1
8194,1
27550,1
20139,1
10330,0
21325,0
11399,0
14976,0
4611,0
14665,0
21194,1
21753,0
25328,1
28729,0
8730,0
28015,1
7651,0
4202,0
4192,0
11813,0
11450,1
9292,0
29980,1
8797,1
11828,0
3785,0
9677,0
11133,1
22559,0
9572,1
25779,0
26545,1
22534,0
12018,1
22691,1
26565,1
6518,1
5360,0
2910,0
14876,0
11390,1
21832,0
3417,0
21679,0
27164,1
28922,1
21765,1
11179,1
14602,1
760,1
21201,1
7103,0
24921,0
1789,1
27546,0
26638,1
22156,1
23305,1
1351,0
14628,0
19409,1
24390,0
8623,0
25751,0
15992,0
19763,1
8317,1
26714,0
27899,1
2362,0
1403,1
25084,1
26891,0
15082,0
12724,0
17416,1
21704,1
25642,0
6425,1
71,1
5508,0
18365,0
27624,1
1880,0
8289,0
21407,0
14742,0
21156,1
26081,0
10544,0
19270,0
4559,0
18412,0
23778,1
22480,1
5504,0
2207,0
1810,1
24280,1
16758,0
28140,1
28214,1
5100,1
17055,1
29702,0
2443,1
26269,1
13988,0
5124,0
2221,0
6246,1
18348,0
223,0
12138,0
656,1
17085,1
23210,0
19683,1
9238,0
323,0
9998,1
13785,0
7785,1
5145,1
14921,1
21934,0
9376,0
8479,0
29710,0
17081,1
15145,1
6011,0
13450,1
9892,0
6456,0
5732,0
370,1
20849,0
22821,0
4122,0
23950,0
8242,0
16074,1
25657,1
22415,0
9087,1
26949,1
1132,0
2266,0
6138,1
28834,0
5307,0
374,0
4529,1
9470,1
22365,1
10647,1
25918,1
26314,1
8648,0
14305,0
20763,0
28820,0
5639,0
2076,0
14433,0
21472,0
27520,1
5964,0
27736,0
2917,0
12217,1
1419,0
13216,1
12940,0
11680,0
16840,1
26520,0
9921,0
27566,0
25051,0
18207,0
28346,0
116,0
10036,1
20500,1
24706,0
22178,0
21402,0
17555,1
22281,0
10423,1
22917,0
28935,0
7064,1
17461,0
24609,0
21275,0
22943,0
20577,0
1555,0
16385,1
29741,1
25656,1
18578,1
21203,1
23976,1
22258,0
6264,1
89,0
18388,0
21921,1
8961,0
14578,1
19238,0
16146,1
3071,0
8896,0
26833,0
15277,0
15106,0
21263,0
14002,1
12089,1
16900,1
18458,1
24392,0
777,0
17826,1
17885,1
14453,1
940,1
10398,1
14823,0
12293,1
25749,1
12038,0
19250,0
4398,1
12352,0
612,1
31,1
24993,1
25489,0
5044,1
3057,1
7173,0
7918,0
2175,0
12540,0
26143,0
2985,0
2208,0
548,0
16614,0
11276,1
18013,0
946,1
26820,1
24450,1
10469,0
13983,0
12310,1
8836,0
29805,1
3353,0
24440,1
1681,0
25777,1
1558,0
18319,1
10712,1
5864,1
12569,0
7730,0
19535,0
2699,0
4200,1
21756,0
29410,0
24614,1
5654,1
14049,0
20487,1
15830,0
23340,0
22446,1
8597,1
3733,1
17627,1
14609,1
1720,0
16731,0
18221,0
13531,0
26935,1
8782,0
18440,1
3114,0
10286,1
28748,1
1499,0
18797,0
28355,1
28014,0
9299,1
15076,0
22002,1
14808,1
1498,0
27494,0
29600,0
18105,0
27915,1
26303,0
21013,0
3297,0
13560,1
11662,0
27928,0
18583,0
21897,0
22820,1
12539,0
564,0
5346,1
17366,1
12087,1
24400,0
5291,0
23291,1
1874,0
13264,1
19249,1
29209,0
25693,1
18448,0
14828,0
8666,0
6134,1
18357,1
13693,0
26887,0
25727,1
9091,1
14422,1
29089,0
350,1
1688,0
1356,1
20507,0
20679,0
9940,1
790,0
689,1
23106,0
9757,0
26505,0
3530,0
14943,0
26625,0
5684,0
14955,1
14360,0
19306,0
13154,1
11807,0
29282,1
22724,0
26987,0
2767,0
19471,0
2027,0
20198,1
1528,1
23205,1
29674,0
13595,1
2704,0
5188,0
25529,0
27015,0
18084,0
14492,0
23876,1
6709,1
29253,1
10563,1
9297,1
16229,1
22092,0
29915,0
10720,0
17408,0
25430,1
5911,1
22736,0
16342,1
24536,0
4425,0
10928,0
25147,1
25085,1
12637,0
26621,0
6180,0
16794,1
13702,0
10008,0
12989,0
5555,0
4190,0
20860,0
14016,0
19959,0
8133,1
3740,0
26272,0
13554,0
9510,1
19747,0
6760,1
8460,0
28343,0
26150,0
9069,1
24465,0
6551,1
6179,0
11228,0
12957,0
17325,1
2711,0
25038,1
16496,1
2685,1
1394,0
20398,0
2227,0
2535,0
10869,1
3337,0
13679,0
27151,0
29510,0
14877,0
17280,0
24774,1
19445,0
5664,0
8993,0
908,1
3900,0
18042,0
18006,1
10920,1
3618,0
13475,1
24237,0
8891,1
21526,1
19228,1
8011,0
29650,1
8249,0
14527,0
2728,1
17405,0
1605,0
24239,1
4565,1
28281,1
7734,1
25807,1
2413,0
25161,1
21948,0
29242,0
3275,0
6021,0
7657,0
2426,0
28761,0
27380,0
14356,0
25406,1
28505,0
17763,0
14779,0
14042,0
29363,1
20880,0
6778,0
15342,1
11733,0
18745,0
24537,0
13634,1
21520,0
2874,0
17694,0
26596,1
13443,0
11903,1
3316,0
25679,0
607,0
10228,0
11779,1
12625,0
18858,0
14944,0
12554,1
7748,1
857,0
1927,1
13910,0
15522,0
26918,1
18616,0
28486,0
6805,0
8490,1
7118,1
17251,1
23766,0
9234,0
45,0
2813,0
25986,0
22105,0
9465,1
29498,1
15533,0
360,1
11784,0
20249,1
18517,0
16765,1
11961,1
19062,0
18407,1
586,0
4979,0
22956,0
6436,0
26583,0
9615,1
14201,0
9559,0
29123,0
201,0
29254,0
4564,1
16325,1
17871,0
27260,0
2052,1
6294,0
26506,1
22012,1
22533,0
26620,0
28276,1
4826,0
3534,1
7628,0
19835,1
2265,0
1233,0
16817,0
26875,0
20723,0
28279,0
27432,0
3927,0
2537,1
5598,0
18959,0
24407,1
12944,0
25356,1
17766,0
29278,0
6536,0
7402,0
21510,0
24747,0
7008,0
24543,1
28444,1
11394,0
4073,0
18528,1
9978,1
11837,0
26636,0
1066,1
28984,0
2856,0
27695,1
25780,0
377,0
29041,0
23528,1
16009,0
27359,1
834,0
18639,1
21216,0
21195,0
5051,0
14525,1
7169,1
23956,0
21503,0
11559,0
15704,1
16846,0
3074,0
6276,1
2528,0
8505,0
4955,1
27501,1
11030,0
6699,0
20799,0
24412,1
5002,0
12409,0
14074,1
4725,1
6995,0
28972,0
9406,0
7509,0
70,0
17692,0
1740,1
22850,0
23465,0
17532,0
16788,0
22305,0
23307,0
11271,1
16341,0
228,0
14235,0
9210,0
14861,0
12066,0
1865,0
11072,0
20832,0
3430,0
8920,1
5192,1
21202,0
1813,1
9074,0
384,0
14384,0
730,1
314,0
18619,1
14545,0
10169,0
2827,0
29699,1
22499,0
5674,1
5263,1
3060,0
17075,1
25178,1
6712,0
17622,0
12646,0
4045,1
25210,0
9280,1
12961,1
3995,1
8824,0
14579,0
12015,0
20914,1
26035,0
9669,1
2898,0
11244,0
24185,0
29649,0
726,0
4619,1
5408,0
29771,0
6921,0
9277,0
11551,0
9564,0
8373,0
4448,0
7714,1
15934,0
7812,0
5827,0
9751,1
23633,0
621,0
15534,1
27296,1
9255,1
16740,1
26898,0
17474,0
17004,0
6026,0
5419,1
6495,1
12631,0
1978,0
24899,0
20434,1
28348,1
21712,0
28978,0
7752,0
10835,0
28720,1
16735,0
14881,1
20688,1
26476,1
7725,0
27387,1
16135,1
29946,1
2816,1
16648,0
21381,0
2783,1
25218,0
7259,0
27424,0
5529,0
2513,0
12278,0
12919,0
23176,0
18145,1
22435,0
28947,0
20363,1
9285,1
21162,1
24957,0
55,0
18054,0
19193,1
15177,0
3464,0
6707,0
15042,0
13762,1
2848,1
5486,0
16552,1
10878,0
14980,1
28821,0
4033,0
26139,1
25424,0
29393,1
5071,0
24596,0
2860,1
13496,0
28383,0
899,0
12748,0
25484,0
1723,0
15944,1
25439,1
27618,1
20819,1
16883,0
13591,0
3738,0
7829,1
19515,0
29217,0
10697,1
14379,0
7153,0
20945,1
27165,1
20602,0
24980,0
19694,0
914,0
21695,1
16099,1
28288,0
18000,0
23314,1
13244,0
20556,0
26000,0
9780,0
15728,1
28786,1
26564,0
28411,0
18184,1
23785,1
4971,0
20730,1
15799,1
25878,1
8455,0
28787,0
6843,0
26367,0
15817,1
20835,1
6914,0
2096,0
7987,0
18917,0
6291,1
19438,0
18903,0
15103,1
29712,0
17442,1
2246,1
26629,0
3939,0
1154,1
12485,1
26889,1
1085,0
3506,1
11500,0
14274,1
24047,0
25261,0
27319,0
19354,1
15364,0
25666,1
4490,0
23332,0
7610,1
27600,0
29043,0
5077,0
3827,0
11502,1
14339,0
16953,1
4306,0
25319,0
1881,1
13605,0
26211,0
8026,1
3922,0
2999,0
2708,0
24479,0
24653,0
10455,0
27362,1
16598,0
4967,1
18824,1
6286,0
4548,0
21257,0
27207,0
12924,1
9906,0
17575,0
3303,0
23358,1
29439,0
21893,0
24889,0
3975,1
24995,1
16971,0
14095,0
1329,0
19051,0
6620,1
28829,1
21028,1
1319,0
1776,0
12417,1
16764,1
7950,1
26550,0
5509,0
12869,0
27941,1
11508,0
3878,0
29348,0
5494,0
12404,0
2002,0
10498,0
27352,1
312,0
20273,1
58,0
1632,0
13506,0
19629,1
19677,1
15847,1
1535,1
18645,1
5421,0
12170,0
16910,1
15885,0
29054,1
22814,0
25258,0
1281,0
28950,1
27559,0
20049,0
5166,0
21790,0
24654,0
21329,0
9914,0
12080,1
6891,1
5935,0
4511,1
23636,1
4287,1
885,1
11326,1
15095,0
13095,1
8356,1
543,1
28365,1
4419,1
26082,1
27754,1
4227,0
1863,0
4837,0
1273,0
20971,1
29042,1
28016,0
2839,0
736,0
24244,0
25131,0
15003,1
11343,0
15436,1
1522,0
10521,1
15783,0
18927,1
24923,1
14988,0
21517,1
18717,1
8247,0
15284,0
5014,1
28362,1
16488,0
2646,0
15855,0
24687,0
5709,0
28928,1
3249,1
24362,1
2737,1
25214,0
4389,1
22018,1
23063,0
21253,0
11130,0
9374,0
29190,1
1189,0
21484,0
328,1
29987,0
19307,1
2583,1
17109,0
2029,0
18663,0
20017,1
27874,1
21132,0
9139,0
17747,1
827,1
4848,1
3931,0
13579,0
8052,1
4065,1
18211,0
357,1
17021,0
22037,0
16990,1
10167,0
24866,0
19618,1
9802,1
29907,0
24788,0
7342,0
8080,0
22962,0
2116,0
20051,0
3880,0
8041,1
24499,0
16226,1
19726,1
8688,0
22091,1
6049,0
6651,1
6965,0
17873,0
25143,0
1357,0
18076,0
29143,1
4974,0
2253,0
23034,1
29878,1
2790,0
3954,0
16564,1
2086,0
8816,0
29496,1
25193,0
17237,0
26307,1
16814,0
8159,1
8967,0
15932,1
21847,0
10135,0
8185,0
26338,0
15427,0
21852,1
19705,1
22143,1
22100,1
22486,0
22769,0
2705,1
8671,0
23905,0
3434,0
9364,0
10595,1
26513,1
6317,1
219,0
27970,1
19962,0
18574,0
409,0
2656,0
24822,1
14116,0
29070,1
12833,0
11013,0
12716,0
22399,0
8722,0
14506,0
21015,0
11514,1
24,1
26323,0
15040,0
5181,1
19145,1
7047,0
22042,0
19590,0
6019,1
21302,0
29361,1
26209,1
10931,1
27804,1
11243,1
12806,1
4100,1
15732,1
19516,1
7132,1
26466,0
12891,1
19336,1
14019,0
16220,1
29185,0
1277,1
11147,0
28767,0
28836,0
18672,1
11916,1
2578,0
16562,1
5020,0
10828,1
12406,0
12482,0
9286,1
6751,1
10501,0
9530,1
13497,1
25196,1
20201,1
18491,0
24422,0
16358,0
11896,1
5550,0
3795,0
103,0
7205,0
2333,1
1262,0
23367,0
23966,0
15569,0
29998,1
23584,0
28080,0
19011,1
669,1
14402,1
26413,0
20244,0
22471,1
16228,0
15397,1
17740,1
29342,0
813,1
24895,0
7450,1
26199,1
16502,1
8257,0
15724,0
21971,0
2102,0
24864,0
25957,0
3212,1
9356,0
28202,1
19706,0
28314,0
21178,1
23943,1
1248,1
23623,1
28455,1
11236,1
18265,1
3388,1
25392,0
4070,0
5636,1
8909,0
12621,1
17294,0
17099,1
8808,1
3370,0
20183,0
458,1
20882,0
5203,0
9647,0
19548,0
3533,0
11011,0
29073,1
23825,0
28136,0
29731,0
2335,1
1400,0
16147,1
9929,0
14300,0
9199,0
14129,0
28848,0
18439,0
7723,0
23824,0
3009,1
24720,0
22197,0
24425,1
18571,1
13741,1
26062,0
9486,0
6552,1
29820,0
20100,1
22594,1
1013,0
11122,0
25740,0
19704,0
12860,1
15761,1
25148,0
29354,1
12061,1
26248,1
9995,0
23683,0
20254,0
3621,0
19823,0
9772,1
21892,0
12873,0
29109,0
5764,1
24445,0
7396,0
7110,0
2599,0
18809,1
11419,0
19115,1
17441,1
23084,0
15499,0
20917,0
25580,1
22154,1
6562,0
1945,1
2894,0
240,1
2003,1
19506,0
23278,0
8038,1
9460,0
19696,0
16784,0
9367,1
20550,0
417,1
6577,1
652,0
29940,0
12549,0
16193,1
10158,0
13012,1
9626,0
6235,0
13643,1
8539,1
16519,0
23605,0
29943,0
15653,1
19963,0
702,0
14008,1
23673,0
24205,1
28233,1
14470,0
14472,0
8994,1
26557,0
22122,0
24745,0
12610,0
12114,0
25840,0
7801,0
26191,0
27832,0
14719,0
12376,1
12267,0
27758,0
12144,0
12274,1
14004,1
21442,0
20472,0
28397,0
258,0
14696,1
19079,1
23781,1
7139,0
28818,1
336,0
23369,0
10711,0
2375,1
28395,0
29819,0
10192,0
28150,1
7827,0
15260,1
12572,0
27353,1
6608,0
16751,0
12896,1
17689,1
26758,0
4246,0
3911,0
14439,1
12010,1
3706,0
21274,1
1225,0
16222,1
13884,1
639,0
23071,0
4705,0
26046,1
8443,1
13155,1
12760,0
7316,1
2688,0
16272,0
16671,1
16507,1
5131,0
10881,1
24692,1
22278,0
4822,0
26473,0
10520,1
3985,0
7448,0
4266,0
14787,0
22639,0
3382,1
8092,0
11880,0
24636,0
3635,0
27637,1
23978,1
8088,1
11164,0
2468,0
3523,1
12050,1
26787,1
18028,0
10944,0
12624,0
6137,0
20935,0
28074,0
17526,1
2617,0
23490,0
3288,0
2639,0
11421,0
22715,1
2324,0
11698,0
4693,0
6683,1
13397,0
17667,0
26431,1
10549,1
13682,1
19680,1
1892,0
9734,1
21966,1
13584,1
10241,1
3423,1
17999,1
25996,0
21623,0
2880,0
24839,0
25902,0
22758,0
17786,1
25627,0
13960,0
5817,0
7970,0
29296,1
26786,1
7432,0
3278,0
19606,0
8450,0
9636,0
23464,0
13723,0
5422,1
9072,1
10123,1
11932,1
17002,0
15941,0
10471,1
617,1
17191,0
20346,0
18820,0
19200,0
4505,1
25308,0
1438,0
8293,0
13438,1
11321,0
11605,1
24762,1
1232,0
532,0
29896,0
19790,0
20847,0
23973,1
3208,0
5848,0
13207,0
13714,0
9023,0
3356,1
14667,0
2863,0
9323,0
15267,0
28927,0
23627,1
5803,0
9881,0
22160,1
9264,1
26021,0
5505,0
12383,1
6915,0
28366,1
15209,0
176,1
7423,0
22893,0
19293,0
16464,0
17322,1
2931,1
17100,1
17181,0
13801,0
24933,1
20650,0
23544,0
21447,0
6418,1
7704,1
24965,1
9806,1
17390,1
17132,0
3654,0
2520,0
3148,1
25929,1
28564,1
25105,1
6649,0
10762,0
17604,0
8603,0
7721,1
16601,0
7096,0
29558,0
20657,0
20276,0
8318,0
1575,0
6816,1
1350,0
28168,0
25670,1
7583,1
12067,0
14830,0
5072,0
6128,0
3224,1
16452,1
266,0
15507,1
11397,0
19654,0
21887,1
13084,1
6951,1
6040,0
15579,0
19477,0
13080,0
18892,1
27660,0
25602,0
5513,1
13923,1
25133,0
21023,0
25357,0
9057,0
17456,0
13308,0
23438,0
2128,1
15504,1
23152,1
84,1
21760,1
28145,0
7577,1
27945,0
10900,0
6934,1
11286,0
17053,1
3245,1
14620,0
4958,1
12611,0
7005,1
29953,1
10076,0
13166,0
901,0
17821,0
23612,0
5358,1
26895,1
14820,0
25437,1
1831,0
14205,0
17429,1
20194,1
13543,1
28580,1
3020,0
21174,0
6355,0
22052,1
1234,1
11310,0
23344,0
6771,0
14195,0
7729,0
11759,1
25026,0
27888,0
27732,1
425,1
18638,0
22183,1
29466,1
18182,1
8937,1
26940,0
27408,0
810,1
15529,1
23410,0
25405,1
25136,1
27886,1
27217,0
18990,1
3342,0
17423,0
24642,0
19321,1
17984,1
3126,1
13912,1
10784,0
8493,0
12981,0
21434,0
23885,1
7516,1
6035,0
16374,0
19639,1
715,0
7949,0
3220,1
12314,1
6053,0
8332,1
2549,0
22773,1
18728,1
1930,0
19672,0
16398,1
8198,1
20551,1
9501,0
29014,1
14863,0
3589,0
8073,1
14706,0
27167,0
2609,0
11389,0
21533,1
12779,1
7782,0
11119,0
3129,0
19764,0
15289,0
15986,0
8301,0
26945,0
4569,1
15424,0
29794,1
9454,1
27502,1
6600,0
1848,0
21659,0
21746,1
27580,0
2189,0
17993,0
26176,1
1299,0
12051,0
19873,1
2782,0
28041,0
25361,1
7707,1
24707,0
12241,1
25145,0
29870,1
28923,0
10278,0
27290,0
9508,1
25604,1
5613,0
23283,1
18255,1
19388,0
28230,1
19408,0
1787,1
5164,1
14079,0
16638,1
8158,1
9925,0
17340,1
25596,0
20614,1
12382,1
1444,0
6871,0
21961,1
18816,0
7257,1
5866,0
26090,0
26180,1
20738,1
5929,0
1834,0
24583,0
25796,0
11287,0
20203,0
21146,0
4873,1
29935,0
10789,0
13074,1
1473,0
20089,1
3234,0
25651,1
24870,0
1027,0
6693,0
3560,0
29814,1
1175,1
28879,1
23121,1
3133,0
27067,0
14931,0
19122,0
20088,0
10460,0
11671,0
11403,1
18722,0
2268,1
8727,0
21036,1
1198,0
14911,0
23336,1
4578,0
28948,0
5820,1
12579,0
9213,1
6535,0
3255,0
22520,0
24717,0
13161,1
6877,1
555,0
9381,0
29094,1
23682,1
19412,1
1441,0
19497,1
20844,1
18229,0
16353,1
1207,0
20979,1
13371,0
17798,0
16848,0
26927,0
15485,1
23308,0
3849,1
265,1
3741,1
24396,1
6947,0
4183,0
19733,0
19138,1
29822,0
24797,0
21595,0
17123,1
24945,1
29487,1
3350,1
13311,0
20618,0
3335,1
20993,0
23669,0
8342,0
26308,0
25481,0
18472,1
19700,1
13793,0
1573,1
13739,1
26441,1
9211,1
17669,1
16843,0
17666,1
11041,0
13900,0
4220,0
15469,1
21185,0
10204,0
16187,1
412,1
821,0
8711,0
19660,0
5091,1
622,0
21176,1
13713,0
18695,1
5576,1
13589,0
745,0
3081,1
10154,1
29181,0
27993,0
17585,0
10352,0
3289,1
6858,0
10390,0
26722,0
6310,1
13353,1
8075,0
19131,0
18775,1
7407,1
23948,0
14518,0
7769,1
8664,0
15599,1
2166,0
16872,0
16067,0
6718,0
13556,0
1585,0
7052,0
16694,0
24434,1
3139,0
23401,0
29320,0
15964,0
20481,0
11424,1
19768,0
13650,0
19067,0
1288,1
18534,0
12438,0
10502,0
16061,0
6601,0
7299,1
23659,1
15795,1
18685,1
12402,0
18610,0
2239,0
8871,0
16278,0
7417,0
8114,1
10463,0
16721,1
21246,1
22848,1
8310,1
9890,0
18900,0
10297,0
14826,0
19675,0
26049,0
21128,0
24189,1
21247,0
29693,0
24349,1
15960,0
24569,1
14982,1
12728,0
11700,1
5117,0
24339,1
28381,0
18064,0
19891,0
16189,1
21796,1
28811,0
2216,0
26258,0
19655,1
24734,0
8020,0
14414,1
13823,0
1705,1
21603,0
28027,1
7764,0
11858,1
23112,0
13603,1
19117,0
3438,0
7248,1
18484,0
18854,0
1275,0
24328,1
25310,1
19740,1
12886,1
6211,1
18680,0
11314,0
7076,0
24757,1
22477,0
2274,1
6028,1
3700,0
12552,1
1330,0
16787,0
14193,0
19894,0
20275,0
1572,0
18422,1
3166,0
10690,0
8311,1
11193,0
2075,1
7051,0
19211,0
13509,0
10512,0
22498,0
23221,1
14284,0
26130,0
23088,1
2203,0
9705,0
12566,1
8266,0
24898,1
4661,0
6301,0
696,0
23016,0
26719,0
485,0
25279,1
3734,0
15757,1
12655,0
25797,0
28965,0
22439,0
28066,1
2451,0
6794,1
1505,1
19972,1
20846,1
25936,1
4835,0
12670,1
29100,0
10199,0
21135,1
4130,1
9748,1
2307,1
16266,1
767,0
804,0
11628,0
7225,1
17568,1
27445,1
17556,0
11324,0
23289,1
13250,1
15292,1
28298,0
18500,0
3690,0
1062,0
29813,0
42,1
22918,1
12587,0
23143,0
12082,0
19522,0
3214,1
23643,0
6596,0
23202,1
8230,1
12710,1
10825,0
2924,0
26540,0
11877,0
7305,0
26109,0
2054,0
4937,0
27484,1
10326,0
16950,0
2546,1
12388,1
22623,0
102,0
16961,1
28470,0
6385,1
20268,0
24413,1
2826,0
14588,1
7687,0
12789,0
1944,0
27714,0
5956,0
20061,1
11608,0
14991,0
29226,1
12375,0
22125,0
11306,1
10153,1
25060,0
11097,1
6085,1
6953,0
8452,0
2448,0
20440,0
17241,1
4421,1
2734,0
29801,0
8514,0
15081,0
15616,1
13644,1
8009,0
3520,0
830,0
7809,1
18155,0
27795,1
4654,0
186,1
22587,0
4491,1
27921,0
19442,1
25342,1
19846,1
14942,0
6293,0
18454,1
28071,0
4575,0
25062,0
12167,0
12065,1
18581,0
14801,1
14407,0
17170,0
27681,0
15870,0
21795,1
13228,1
20076,0
20202,0
5765,1
21861,0
8451,0
434,1
11918,0
354,1
8366,0
605,0
17853,1
14641,1
29133,0
21424,0
4276,1
4954,1
16603,1
3572,0
8453,1
16440,0
14097,0
16593,0
13513,0
7547,1
24453,0
28568,0
1040,0
14584,1
12565,1
18176,1
29010,1
14056,0
5332,1
15923,1
11449,1
3959,0
29174,0
8483,0
18474,0
541,0
29287,0
1750,0
12142,1
28196,0
29084,0
6665,1
27158,1
24879,1
22922,1
5924,0
17778,0
20474,0
17504,0
23661,0
29581,1
24791,0
29959,0
18827,1
10903,0
4949,0
12300,0
28056,0
24084,0
22212,1
25461,0
27825,0
19970,1
4032,0
17050,1
21172,1
9435,0
25866,0
20700,0
11327,1
22507,1
12118,0
22343,0
124,1
1406,0
27509,1
13608,0
11475,0
29924,0
22184,1
25923,1
21833,0
1769,0
23007,0
2323,1
25321,0
18311,0
22793,0
27539,1
13053,1
2256,0
2807,1
2682,0
6975,0
13502,0
23272,1
3961,0
3315,0
15822,1
14809,0
8875,0
24347,1
21983,0
29685,1
10507,1
6701,0
26012,1
29653,1
6078,1
12801,0
28995,1
7953,1
12786,0
6063,0
14468,0
22849,0
18733,1
12535,1
3238,0
26324,0
28215,0
28229,0
27814,0
27483,0
14737,0
22025,0
27183,1
15952,1
29535,0
21050,0
6650,0
11637,0
1078,0
25288,0
25112,0
5858,0
6062,1
28337,0
13218,0
9574,1
2151,0
14359,0
3490,1
24043,1
5888,0
26080,0
26047,0
29632,1
2381,1
27181,0
13848,0
15643,1
27959,0
22378,1
29908,1
27691,0
6979,1
7590,0
17758,1
8070,0
29078,0
6594,1
20969,1
3725,0
29345,0
23115,1
29895,1
13876,0
18466,1
25966,1
7835,0
1366,0
18480,1
29854,0
576,0
3205,1
4443,0
13934,0
9858,1
8977,0
2066,0
21979,0
22325,0
5062,0
1860,0
510,0
19565,0
24913,1
1492,1
7640,0
9464,0
27138,1
2815,0
14421,1
15357,0
16091,1
13326,1
2698,1
24527,0
25255,0
10799,0
16433,1
6625,1
7073,1
15233,1
7713,0
29104,1
11711,0
26057,1
19975,0
28490,1
5720,1
903,1
6502,0
8193,0
26778,1
514,1
7360,0
13038,1
24431,0
3502,1
5653,0
8444,0
28572,0
2916,0
24300,1
27587,1
17997,1
5889,1
1602,1
12884,0
2339,0
3158,1
18502,0
14983,0
12054,1
21411,0
28102,1
15183,0
26715,1
14914,0
26983,0
1098,0
19665,1
24592,1
13530,1
10722,0
19828,0
28956,1
7720,0
10193,1
15202,1
16596,1
3822,0
14150,1
27280,1
7089,1
22607,0
26237,1
16450,1
9724,0
14138,1
3013,0
9073,0
4310,1
11415,0
20891,0
15536,1
26193,0
28540,1
29821,0
11087,0
27747,1
29529,1
11769,1
20827,1
25142,0
24927,0
21297,1
28293,0
811,0
17061,0
14100,0
3715,0
18634,0
26721,0
225,1
3847,0
13907,1
20840,0
29246,1
25648,1
3019,1
29367,1
16890,1
3262,1
11106,0
29178,1
29131,0
16776,1
23377,0
4160,1
11215,0
10225,0
17614,0
26456,0
13481,1
20525,0
23299,1
7592,0
15192,0
13416,0
10377,0
3512,1
7820,0
25227,0
19619,1
6604,1
21281,0
11226,1
28918,1
16877,0
1536,0
2879,0
5141,1
6308,0
3653,1
17717,1
6341,1
25981,0
10431,1
10091,1
18477,0
28402,0
20395,0
28256,0
18506,0
5715,0
19246,1
29136,1
26229,0
9202,0
6813,1
12492,0
26645,0
21720,1
8798,1
29966,0
29546,1
20458,1
25244,0
16599,1
25211,0
13916,0
246,0
5484,1
5325,0
12378,0
14946,0
19348,1
11270,0
309,1
27401,1
23601,0
15843,1
17647,1
20779,1
10570,1
8166,1
9348,0
7202,0
19063,1
12308,1
27223,1
60,0
17648,0
7261,0
15895,0
28554,0
27048,0
24150,0
1363,0
11207,1
14387,1
16308,0
18252,1
18559,1
24039,0
23692,0
26067,0
1871,0
13115,1
26416,0
1167,1
6537,0
13628,1
21229,1
13652,1
25939,0
1420,0
29326,0
14203,1
24545,0
17022,1
19140,0
25899,1
25590,0
2206,1
25111,1
5937,1
25078,1
16268,0
6422,1
10701,0
27773,1
13283,0
18987,0
6661,1
1206,0
6678,1
21548,1
9823,0
20549,0
9223,0
11362,1
15309,1
16046,0
4291,0
25750,1
6196,0
2928,0
11305,1
6840,0
12660,0
4592,0
26360,0
5626,0
8543,0
587,0
11839,1
10338,1
28917,1
3044,0
15777,0
22318,0
26079,0
9675,0
22146,1
20673,1
11477,0
11366,0
16583,0
14846,1
16630,1
14695,0
19756,0
27725,1
19762,0
1188,0
19517,0
21445,0
8930,1
28996,0
23971,1
13596,1
13647,0
10676,0
25925,0
29960,0
15878,0
18329,0
17613,0
14938,0
13191,0
17562,0
3718,1
13254,1
1145,1
27961,1
4631,1
23306,1
1159,0
25814,0
8979,1
28933,0
13170,0
23203,0
21884,0
7739,1
3883,1
26966,0
14652,0
26845,1
26731,0
3873,0
23028,1
4808,0
18497,0
9249,1
2947,0
19510,0
7604,0
21002,0
20785,1
24690,0
27099,1
17769,0
5319,0
27661,0
13214,0
29191,0
11505,0
28250,0
4206,0
14364,0
10616,0
5031,0
22775,1
26514,1
8411,0
18366,0
9481,0
9153,1
3729,1
2967,1
10429,0
14546,1
23761,0
15205,1
16779,0
19855,0
10665,1
16265,0
29770,0
26076,0
17932,0
9442,0
16073,1
23920,1
17138,0
19864,0
26751,0
14775,0
3942,0
17855,0
96,0
6280,0
26429,1
28466,0
27623,0
28377,1
10918,1
27235,0
15172,0
963,0
26241,0
13176,1
27088,0
13399,0
26091,1
25325,1
6809,0
18128,0
22888,0
18318,1
22376,0
21019,0
12803,0
29141,0
18202,0
2350,0
27616,0
17334,0
29783,0
8829,0
8811,1
2622,1
28636,0
9571,0
14182,0
17662,1
13873,0
11204,0
3583,0
18248,0
14815,1
3296,0
22107,0
4402,0
29523,1
2404,0
15363,0
23298,1
25449,1
12580,1
9578,0
19670,1
2110,0
22149,1
28103,0
26204,0
10710,0
411,0
6550,0
10689,0
14841,1
2190,0
20546,1
25661,0
2817,0
28283,0
12262,0
10232,1
19898,0
12600,1
28137,0
26182,0
23879,0
4586,1
18516,0
12551,0
23827,1
21802,0
23762,0
11356,0
4418,0
12055,1
8966,1
29032,0
12951,0
17545,0
4042,0
16574,0
1655,0
28828,0
16707,0
13789,1
25397,0
21514,0
11977,0
15220,1
13151,0
3063,1
22074,0
14336,0
11275,0
15727,0
27839,1
15341,1
19610,1
2248,0
6358,0
1136,0
21838,1
26566,1
19546,0
6492,0
4715,0
18944,1
23267,0
24655,1
9977,0
7004,0
9930,0
18457,1
15585,1
28728,1
10131,0
7483,0
22697,1
29957,0
18420,1
22269,1
8252,0
6307,0
24602,1
12256,1
13133,0
28105,0
26518,1
2459,0
29829,1
9762,0
10854,0
15134,0
19525,0
5218,0
27686,1
14276,1
23632,1
19604,0
15539,1
26609,0
12799,0
13315,0
10622,1
25501,0
3473,1
4681,0
26877,1
16939,1
9044,0
21049,1
2147,0
22806,1
27615,0
12797,0
17546,1
21179,0
19180,0
611,0
7947,0
14225,0
6519,1
23814,1
5352,1
644,0
1465,1
9620,0
12828,1
25036,0
22175,0
23478,0
7859,0
19598,0
5334,1
28858,0
21912,1
11855,0
25480,0
22185,0
6546,0
20031,0
11661,1
26862,1
24360,0
22740,1
6271,0
25491,0
16845,1
19789,1
22141,0
12251,0
29353,0
29918,1
26282,1
14469,0
23040,1
361,1
21066,1
14463,0
2911,0
15938,0
2200,0
24154,0
6872,1
6406,0
26994,1
27954,0
15197,1
4140,1
7945,0
22783,0
27632,0
25864,1
10506,1
9415,0
20012,0
12515,1
6757,1
1523,1
21034,1
19830,0
21878,0
2183,1
3497,0
25203,1
24373,1
13091,0
14676,1
19016,1
18886,0
3376,1
17760,0
12327,1
14238,1
8843,1
21446,1
18442,0
15591,1
11844,0
22981,0
18130,0
20756,1
17842,0
27163,0
21221,1
18737,1
24100,1
9953,0
13853,1
29527,1
1761,0
14544,0
17216,0
17605,1
19194,1
21578,0
14752,1
17896,0
10629,1
15656,0
18760,0
12086,0
8897,1
21073,1
8065,1
11178,1
16927,0
4039,0
4864,1
26919,1
20719,1
13209,1
27704,1
4506,0
11959,1
10810,0
14753,1
11300,1
5474,0
20135,0
2800,0
2236,1
5717,0
17812,1
3169,0
8299,0
17382,1
29264,1
15666,1
19319,0
14645,0
20647,0
9056,1
27639,0
22393,0
22309,0
8498,0
12370,0
22228,0
25386,1
5690,0
19073,0
6716,1
22206,0
16997,0
4025,1
22470,1
17287,1
24524,0
10250,0
17319,0
19599,0
1749,0
11625,1
28113,0
10139,1
6686,0
13313,0
585,0
12960,0
6226,0
22677,0
5012,0
14930,1
15422,1
2316,0
23357,0
6171,1
7878,1
13827,0
15826,0
18107,1
4014,0
25011,0
8888,0
24671,0
6467,0
7094,1
1021,0
10827,0
1534,1
484,0
21238,1
708,0
2713,0
4338,1
10880,0
19396,1
10379,1
10842,1
23902,1
27468,0
28227,0
10446,0
578,0
15726,0
14730,1
6668,1
4915,0
27337,0
3948,0
19085,0
12349,0
4270,1
10367,1
21697,1
18487,0
7662,0
1625,0
9542,1
24777,0
9976,0
3541,1
23126,0
29180,0
1577,0
16853,0
21057,0
21069,1
11308,0
12855,0
6233,1
28712,0
26750,0
24262,0
10037,0
14519,0
2113,1
7357,0
13460,1
24588,0
22353,0
17704,0
3480,0
29930,0
7459,0
19772,0
3616,1
2004,0
15264,1
10270,1
11869,0
14533,0
19485,0
11849,0
11791,0
16752,1
16802,1
24560,1
21214,1
5563,0
4875,1
11934,0
32,0
698,0
6046,0
632,0
10409,1
8288,1
19519,1
4768,1
18752,0
25799,0
25150,0
20910,0
995,1
12239,0
4601,1
21544,0
3818,0
22285,0
17632,0
20744,1
19134,0
7659,0
24953,0
8019,0
7291,0
21171,0
1349,1
3265,1
29832,1
14907,1
6162,1
29902,1
3389,1
3311,0
26933,0
26926,1
20794,0
24173,1
10844,0
6884,0
26496,1
16204,0
12894,0
5710,0
24865,0
28569,0
15768,0
22528,1
26359,1
28423,1
12707,0
22253,1
2499,1
12762,1
20685,1
5503,0
23754,1
5996,1
6229,0
26333,1
17136,1
15259,1
1200,1
27459,0
14508,1
1693,0
20668,0
1710,1
14226,0
10672,1
29524,0
4170,1
23538,1
27281,1
22750,0
27419,0
18037,0
18535,0
6622,1
15779,1
1609,0
19075,1
15547,0
27744,0
26113,0
3016,0
27499,1
2989,0
22881,0
4591,1
19453,1
26501,1
26197,1
115,0
26960,1
20975,1
2481,0
16263,0
16657,0
23674,0
28446,0
22291,0
687,0
2998,0
28792,0
19685,1
13610,0
9196,0
9357,1
12321,0
18730,1
28223,0
22514,0
20750,0
27676,0
27435,1
12488,0
13816,0
14164,0
17327,0
6145,1
839,0
18999,0
6525,0
15482,1
25851,1
416,1
28876,0
6875,1
25589,0
6487,0
10907,1
21583,1
25968,0
28920,0
16214,0
7656,1
14092,0
1433,0
18895,1
26574,1
26782,0
9935,0
24094,1
6511,1
243,0
25915,1
26867,0
4573,1
29429,1
27245,1
4377,0
5447,0
23755,1
6675,0
9923,0
22600,1
20102,1
23492,0
4272,1
5836,0
28236,0
13590,1
19743,0
19921,1
10902,0
19172,1
8704,1
9130,1
18423,0
20429,0
23729,0
16727,0
23012,0
25838,1
8105,0
15681,1
16637,1
24666,1
13434,1
7865,1
16215,0
1187,0
12246,1
21251,1
7676,0
12332,0
18700,1
25801,0
21037,0
25686,0
14096,0
22144,1
24935,0
27563,0
21410,1
17939,1
11369,0
3469,0
21312,0
8883,0
18133,0
21011,0
24615,1
22911,1
23448,0
3838,0
23739,0
18931,0
301,1
5293,0
750,1
9505,0
22752,1
23607,0
29733,1
6782,1
1195,0
18070,0
1713,1
5863,0
23984,0
22098,1
1901,1
13178,1
26769,0
24784,1
3079,0
22223,1
25849,0
3210,1
1254,1
7467,1
18307,1
27606,1
1209,0
9479,0
440,0
16544,0
6105,1
5594,1
6892,0
28604,1
24211,0
69,0
21542,1
27865,0
19086,0
1067,0
22792,0
20495,0
15074,0
11984,0
674,1
4280,0
17782,0
12273,0
10670,1
11732,0
18955,0
15924,0
13936,0
12526,0
16520,1
13905,0
24353,1
17745,0
21936,1
6799,1
10516,1
13594,1
18916,1
978,0
23837,1
14448,1
24158,0
26680,0
6736,0
4702,0
8150,0
22457,0
29151,0
7002,0
26470,0
23274,1
16105,1
25685,0
12568,0
27662,0
7377,1
8281,0
3802,0
5615,0
12130,0
20851,1
11100,0
14187,1
11969,0
13626,0
842,0
29623,0
28180,1
21747,1
24584,1
20702,0
6424,0
14885,0
10273,0
7548,0
4366,0
11257,0
18169,1
20866,0
3459,0
19822,0
15602,0
18631,0
15645,1
20648,1
2306,0
26032,1
16409,0
19220,1
5897,1
11809,1
16467,1
21858,0
29669,1
11533,1
13849,1
1489,0
10496,0
26455,0
11655,1
18380,0
20073,0
20513,1
8188,1
4780,0
577,1
13777,1
24060,1
17292,0
18339,1
29137,1
23196,1
20221,0
16718,1
25246,1
14161,0
13953,1
2178,1
1836,0
25128,0
18818,1
14020,0
7862,0
6593,0
15395,1
13675,1
27246,0
14526,0
23556,0
11793,1
13967,1
17226,0
28779,0
6204,0
818,0
13341,0
2678,0
6791,0
6706,1
2393,0
24344,0
4374,0
24092,0
5729,0
8101,1
3577,0
10753,1
24257,0
4517,1
20815,0
2797,0
21758,1
29984,1
73,1
9595,1
23694,1
23403,0
28035,0
10982,1
10100,0
11439,1
1326,1
22682,0
4454,0
10222,0
20439,1
16820,0
17904,0
8362,0
14963,1
18531,1
15756,1
18022,1
28237,0
28993,1
19026,1
10915,1
29511,1
25469,1
14426,1
26745,0
18504,0
15265,1
1822,0
23122,1
15057,1
18460,1
12910,0
8175,0
3498,1
24169,0
2726,0
8957,0
20092,1
15206,0
23532,0
24920,0
5087,1
20319,1
7807,0
20155,0
9623,0
2610,1
6339,1
25271,0
12359,1
24556,0
17197,0
15466,0
3573,0
28055,0
21913,0
6748,0
11757,1
4488,0
9263,0
18476,0
18905,0
16322,0
712,0
725,1
26796,1
28685,0
10481,1
3435,0
12680,0
4463,0
23264,1
922,0
1395,0
4329,0
5060,0
29400,0
7074,1
20574,1
7587,0
11567,1
581,0
22640,1
10510,0
19143,1
21826,1
16974,0
23498,0
3673,1
9813,1
19632,1
27302,1
18452,1
16832,1
4223,1
8737,1
27881,0
29291,1
14736,0
1259,0
6516,1
14654,0
3634,0
5064,0
17907,1
16795,0
8466,1
13206,1
19414,0
5901,0
7563,0
23026,0
15410,0
20066,1
9787,0
11148,0
28976,0
3172,1
16031,1
22014,0
10831,1
13299,0
22273,1
27239,1
16905,0
5847,1
15861,0
838,0
29970,0
17879,1
3888,1
29761,1
22823,0
24962,1
23809,1
24197,0
143,0
6283,0
24640,1
1695,1
14662,0
8830,1
6545,0
4006,1
18736,0
14776,1
25498,1
21398,0
23475,1
11019,1
2238,1
27285,0
8147,1
22830,0
21581,0
12441,0
16119,1
28061,0
14704,0
10342,0
8424,0
5722,0
13116,0
18154,0
23938,0
21080,0
21086,0
10698,1
16873,0
8407,0
8609,1
20810,1
9168,0
12435,0
6491,0
11542,0
10888,0
13296,0
10428,0
2313,1
14656,0
28881,0
19454,0
22301,0
23909,0
16909,0
27772,1
25369,0
16804,0
20134,0
24582,0
2019,1
28624,0
25521,0
4843,1
27734,0
22142,0
14748,0
5741,0
21880,0
4095,1
29221,0
24593,0
10242,1
15555,1
29799,0
25256,0
3532,0
29755,0
16700,1
14910,1
20733,1
13736,0
23245,0
16065,0
13926,0
21650,0
17724,0
7871,0
1733,1
6931,0
7140,1
6974,0
25416,1
19112,1
15287,0
3895,1
8405,0
15388,0
15271,1
4935,0
14761,0
12296,1
1459,1
22716,1
9685,1
19205,1
28537,1
22429,0
7922,0
22008,0
23142,1
26811,1
8608,1
6000,1
28616,1
7217,1
9660,0
8919,1
5793,0
26556,1
2302,1
7286,0
9443,0
380,0
26393,0
3951,0
18839,0
16842,0
16109,0
8612,0
19450,0
6052,0
4510,0
9120,0
29378,1
7186,1
27057,1
23080,0
26969,0
400,0
15789,0
28634,1
2504,1
8060,1
21240,1
9771,0
11266,1
28209,0
12966,1
29737,1
10085,0
26381,0
25153,1
24416,0
5372,0
12541,0
13171,1
19749,0
2423,0
11725,0
468,0
12839,0
19813,0
19420,1
26766,1
23936,1
29200,0
29763,1
12736,1
24184,0
7783,0
8624,1
26627,1
14889,0
408,0
8426,0
8995,1
13048,0
18093,0
6688,0
27990,0
26064,0
17837,0
8844,0
18652,1
8938,0
178,0
8196,1
25680,1
29944,0
19784,0
12132,0
296,1
21211,1
14509,1
26175,0
19151,0
28854,1
26111,0
9889,0
5245,1
26048,0
24164,1
8577,0
24050,0
6066,0
22606,1
13680,0
43,0
26105,1
3571,1
10948,1
22711,0
8290,1
4050,0
10958,1
27957,1
8589,0
17874,1
15629,0
5812,1
26390,0
27197,1
10369,1
421,1
10791,0
29472,0
7959,1
11177,1
2475,0
21636,0
19634,1
18855,1
19973,0
19099,0
21941,0
9198,1
2641,0
21340,1
18150,1
22638,1
26587,0
8765,1
15760,0
88,1
27443,0
24867,0
480,1
9060,0
13822,0
14783,0
28998,0
23733,0
22807,0
2484,1
11075,1
8840,0
13226,1
28322,0
15029,1
22023,0
6416,0
8350,0
21902,0
25383,1
17708,1
17539,1
15509,0
907,0
29058,1
4075,1
18132,1
25510,1
28225,0
4357,0
17124,0
11598,0
12688,0
25413,0
12909,0
2382,1
6382,0
10862,0
13197,0
19918,0
12354,1
111,1
5744,0
16093,0
6679,1
8837,1
28545,0
6098,1
21886,1
29641,0
5922,0
23925,0
28112,0
9346,0
19722,0
16162,1
5306,1
9050,1
13195,1
26224,0
5618,0
10062,1
23311,1
29184,1
8583,1
11754,0
18518,1
22834,0
3913,0
1431,0
2530,0
23056,0
9422,1
26808,0
21530,0
6449,0
18414,1
12373,0
7647,0
29304,0
2327,1
29566,1
4922,1
11776,0
28773,1
3949,0
9137,0
25842,1
8752,1
11053,0
472,0
20397,1
14549,0
25784,0
12221,0
19758,0
12053,1
25034,0
3324,0
10609,0
15759,0
9963,1
27442,1
21843,0
28735,0
1163,1
12177,0
21980,0
7370,1
13642,1
3796,1
1220,1
4528,1
863,0
19401,1
20912,1
10942,1
13291,1
18743,0
22908,1
27232,1
5353,0
15041,0
5558,0
4412,0
11682,1
26017,0
24979,0
11894,0
18915,0
25262,1
8149,0
29038,1
5875,0
21982,0
5304,0
6587,1
8642,0
287,1
5357,1
13540,1
7585,1
6847,0
7763,0
25443,0
13939,0
15332,0
294,1
9053,0
3594,0
18103,0
16773,0
21932,0
16792,1
916,0
2729,0
29729,1
17970,0
12506,0
23997,1
16689,0
10187,1
22961,1
5801,0
5417,1
9730,1
20990,1
8814,0
9711,1
25544,0
13515,0
14858,0
27154,0
13357,0
12245,1
6988,0
8827,0
23537,1
16258,1
10921,0
15160,1
14362,0
8128,0
18235,0
24661,0
20204,1
25306,0
6508,1
12846,1
117,1
22511,0
8089,1
17900,0
2936,1
23170,1
13099,0
20292,1
18548,1
27080,0
13696,1
19994,0
16032,1
8929,0
12106,0
5176,1
26742,0
8643,1
23732,1
2067,1
17040,1
1072,1
7077,1
21937,1
1721,1
22403,1
12231,1
23507,1
25793,0
28870,1
25938,0
16401,0
9959,0
1238,1
18539,0
11823,0
24159,0
21917,1
16824,1
16682,0
17399,0
3879,1
27220,1
8234,0
28642,1
12812,1
27172,0
2579,1
14655,1
27288,1
1124,0
4519,0
20118,0
16632,0
2224,0
27842,0
16303,0
16772,0
24964,1
21113,1
21406,0
22163,0
1480,0
26458,0
10937,1
14774,0
24206,0
15686,0
6037,0
3373,0
91,0
14072,1
25944,1
423,0
18784,0
27231,0
23337,1
14302,0
21085,0
29262,0
8898,0
26818,0
13085,0
11428,1
14661,1
10424,1
28307,1
5315,1
25009,0
25616,1
14992,0
29061,0
11586,0
23217,1
26115,0
9279,0
2994,1
11501,0
4167,1
10195,1
14078,1
18270,0
28090,1
13237,0
12073,1
21349,0
11108,0
26163,1
16248,0
7154,1
22635,1
21239,0
20541,1
12303,1
18913,0
29009,1
28253,1
26604,1
14112,0
13186,0
8397,0
25989,0
6144,1
22770,0
18085,0
5849,1
5528,0
3406,0
26127,1
26601,0
1571,0
12312,1
16373,0
19103,0
4114,0
5327,1
14298,0
25600,1
2471,0
7164,0
13245,1
16326,1
13467,1
9141,1
3482,0
14033,1
1358,0
7826,1
12031,0
17706,1
22558,0
4744,0
11571,0
19381,0
3355,1
1322,0
7715,1
11805,0
10313,0
13079,1
3486,0
14207,0
1906,1
4008,1
2139,0
13425,1
23891,0
9326,0
9110,1
24985,1
18868,1
1672,0
7912,0
3722,0
7609,0
11552,0
20271,1
16887,1
21614,0
6410,0
29108,0
2779,0
4155,1
21743,1
3899,0
26460,1
17870,0
9932,1
23396,1
24343,0
8115,0
19609,1
26309,1
26584,0
10363,0
6395,0
17284,0
28872,0
1794,0
17278,0
8454,1
16548,1
4193,0
4549,0
15432,0
1306,1
26675,0
892,0
10419,0
9516,1
14224,0
1839,1
4194,1
9721,0
10220,0
29782,1
833,1
388,0
22768,1
19366,0
14191,0
1359,0
23519,0
25433,0
7593,0
2449,1
9034,1
16469,0
20070,0
18587,1
7308,0
15841,1
14108,0
27360,1
17177,0
4447,0
10018,1
12807,0
5365,0
17498,0
27728,0
16896,1
4540,1
141,1
23517,0
27742,0
29225,0
16508,0
21391,0
64,1
10258,1
16047,1
3377,0
9637,1
1373,0
2754,1
29202,0
13718,1
3336,1
10514,0
4457,1
4610,1
12161,1
22611,1
16298,0
16048,0
25948,0
12923,0
7144,1
14614,1
17534,0
17505,0
21671,0
12285,0
10962,1
11795,1
15657,1
7986,0
12011,0
15118,0
25857,0
18017,1
14177,0
12034,0
19017,1
20594,0
28278,1
24860,0
24281,0
2907,1
6093,0
21418,0
5278,0
16546,0
6994,1
5169,0
23349,1
6498,0
14932,0
28750,1
10435,1
17256,0
16299,0
9384,1
4326,1
2507,0
24274,1
518,0
1706,0
26131,1
14903,0
8669,0
17148,1
7873,1
24806,0
26806,1
16393,0
16287,1
13617,1
13215,0
7474,0
8291,1
3494,0
1315,0
16129,0
24462,0
2778,0
1113,1
4905,1
554,1
5113,0
16597,1
25640,0
25652,0
19581,0
22508,0
17230,1
21460,1
27739,1
29983,1
28515,0
17838,0
3157,1
624,0
27650,0
28549,0
13803,1
24057,0
23251,1
4830,1
13036,0
10038,0
5295,0
3773,0
22245,0
10936,0
1336,1
15269,1
2873,0
14455,1
23566,0
12958,0
6776,0
3447,1
22152,1
16333,1
1992,0
18330,0
25892,1
16641,0
6350,0
25440,0
24305,0
19383,1
8936,1
5171,1
21191,1
15025,0
9971,0
26025,1
11052,1
9230,1
5485,0
1102,1
15413,0
2949,0
4442,1
2681,0
18642,0
1958,1
21000,1
6014,0
14325,0
6730,0
20405,1
5183,0
6232,0
3887,1
3529,0
3026,1
16442,0
14690,0
5918,1
2700,1
3338,0
5917,1
9003,1
21307,1
27263,1
29609,1
4127,0
3012,0
226,1
28170,0
2355,1
21212,1
6408,1
26363,1
17679,0
18869,0
27441,0
26676,1
1527,0
3804,1
20357,1
10322,1
10607,0
2795,0
23422,0
12196,1
10632,1
26251,0
28656,1
593,0
28258,1
28591,1
1147,1
15114,1
22661,0
26998,1
28289,0
3966,1
12841,1
22473,1
6845,0
19082,0
6879,0
21900,0
11659,0
19461,0
13942,1
3416,0
12815,0
19332,0
170,1
17122,1
16290,0
12528,0
5986,1
27561,1
5254,0
26184,0
20296,0
4650,0
13635,0
8772,0
21161,1
2456,0
4809,1
11989,1
138,0
5130,1
19872,1
16813,1
17219,0
1030,0
20306,0
9484,1
25869,0
7049,0
29596,0
11763,0
5460,0
3853,0
17317,1
26394,1
21123,0
21352,0
15773,0
19469,1
17363,1
25376,1
6865,0
15646,0
14327,0
18857,1
29489,0
9743,0
29951,0
20795,0
20425,0
19810,1
13944,1
10688,1
12325,0
17513,1
15064,0
747,1
27988,1
16605,0
6182,1
1795,0
24678,1
3670,0
1334,0
29791,1
18718,1
8104,0
1777,0
18170,0
4630,1
14593,0
7718,0
8910,1
23688,0
10053,0
13765,0
18320,0
22071,1
27793,1
25410,1
382,1
17640,1
17537,1
2163,0
15968,1
23501,0
10871,0
478,1
22164,0
9820,0
13022,0
11675,1
29580,1
7616,0
23270,0
3825,1
27178,0
1587,1
8199,0
8040,0
2744,0
22562,0
21107,0
15389,1
18240,0
12990,1
24468,0
26301,1
14852,0
12035,1
3570,1
6538,1
18651,0
22462,0
12249,1
6316,1
13812,1
15238,1
26384,0
13958,1
29313,1
889,0
8442,0
16084,0
7650,1
10319,1
8859,1
6654,0
15334,0
1158,1
18003,0
7271,0
4936,1
24700,0
13213,1
7552,1
29360,0
1478,1
27028,0
16732,0
26864,1
20179,0
12258,0
3144,0
1242,1
3326,1
8855,1
14618,0
19511,1
28284,0
14794,0
16148,0
21394,0
15901,0
559,0
7497,0
13769,0
15962,0
24021,0
27272,0
27906,1
3683,1
8087,0
26491,0
15299,1
19304,1
2186,0
1456,0
28895,0
23652,1
4334,1
4602,1
349,0
20272,0
25006,1
8269,1
1837,0
21873,1
23784,0
10275,0
26732,1
28887,0
544,1
11073,0
7538,0
10820,0
22106,0
536,0
10608,0
25736,0
20604,0
29135,0
17380,0
13135,0
22246,1
25077,0
6349,1
16438,0
11291,0
21258,1
27366,0
27593,1
18044,1
16554,1
6275,1
19452,1
23330,0
12784,1
1278,0
16131,1
22717,0
17268,0
1671,1
12008,0
15164,0
16541,1
362,0
9218,0
16328,1
14499,0
3871,0
16420,0
6578,0
22735,1
12390,0
1265,1
3025,1
23554,1
15820,0
15794,1
9350,0
19465,1
2706,1
14075,0
16363,0
28883,1
11702,1
23189,0
461,1
13992,1
1818,0
6960,0
17407,0
6933,0
20414,1
23719,0
21413,0
17770,0
23604,0
11848,1
2627,1
2939,0
8680,0
25096,0
26065,1
6069,0
3246,0
26804,0
23695,1
19856,0
21141,1
1153,1
18015,0
9093,0
2280,1
26846,0
27536,1
3904,1
11377,0
14219,0
2135,0
12899,0
3105,0
10240,0
29045,1
29948,0
1648,0
19392,0
15979,0
27210,1
27497,0
20294,1
25177,0
129,0
28188,1
8023,0
22488,1
22171,0
23135,0
2670,0
11340,1
18806,1
19430,1
13459,0
25934,0
24718,1
22541,1
11735,0
17063,0
17971,0
10793,1
13078,1
13210,0
11038,0
10819,0
13015,0
5152,0
27079,1
20175,1
28350,0
14635,0
26187,0
3545,0
18887,1
15239,0
7098,0
27460,1
21455,0
13941,0
3188,1
8551,0
2185,0
3488,1
5946,1
20665,1
26344,0
4074,0
6163,0
23035,0
9652,0
6243,1
28846,0
2046,0
2294,1
20775,0
19407,1
5834,0
4771,0
17712,1
22490,0
16468,1
9410,0
7860,1
29808,0
6054,0
21350,0
11863,1
17024,0
21959,1
25614,0
20774,0
3092,0
22734,0
18875,0
21408,1
29381,1
2179,1
3332,0
17835,0
12171,0
2784,1
6101,0
13414,1
24451,1
14523,0
23363,1
27622,1
5377,0
25540,1
7655,0
22523,1
11463,0
19771,0
25249,0
12832,0
20854,0
4910,1
29637,1
5413,1
29147,1
11418,0
27985,0
17894,0
29187,1
9807,0
4231,0
18243,0
7020,0
27213,1
29844,0
17103,1
28751,1
9852,0
23393,0
18880,0
11444,0
5993,0
26526,1
1580,0
19298,0
2969,1
16120,0
22608,1
21366,1
14849,0
968,0
5548,0
13374,1
18144,0
18786,0
29186,1
14803,1
19785,0
21130,0
1692,1
11622,1
5294,1
25645,1
21657,0
13288,0
659,0
18524,1
28405,0
26138,1
4546,1
18467,1
9038,1
10742,0
4013,0
19399,1
12294,1
550,1
19008,1
15880,0
7135,0
3132,1
15971,0
6627,1
7514,1
14217,0
6640,1
15219,1
21167,0
14712,1
12500,0
8904,0
26851,0
21077,0
27538,0
12802,0
12105,0
6533,0
26741,0
17424,1
2168,0
6346,1
14947,0
20033,1
26677,1
28380,0
24577,0
29871,0
28257,0
19214,0
2625,1
11527,0
29382,0
10972,0
23614,0
17342,1
8604,0
15710,1
28513,0
21151,1
26792,0
22601,0
22005,1
5208,0
23269,1
18699,0
6970,0
12140,1
20742,1
10953,0
26478,1
8655,1
11943,0
14333,0
21648,0
17805,1
20771,0
11298,0
28275,1
4497,1
4308,1
3521,0
20946,1
29663,0
15604,1
18585,1
19824,1
29810,1
2079,0
27796,1
8469,0
2184,0
2676,0
2392,1
10792,0
2523,1
23022,1
7477,0
25879,0
24384,0
7741,1
19781,1
15635,1
21938,0
9051,0
17809,0
19849,0
1223,0
28797,0
15470,0
11231,0
12897,1
2155,0
7260,1
29199,0
2299,0
10032,1
1804,0
8978,1
8351,1
11061,1
16659,0
20662,1
26828,1
19135,0
22656,1
15102,0
8900,0
6729,0
15428,0
14732,0
22885,1
25460,1
9725,0
22939,1
16307,1
206,0
9027,1
27160,1
10164,0
28138,1
16239,0
24069,0
13424,1
10870,1
3539,0
20266,1
18908,0
16225,0
12268,0
959,0
5702,1
15355,0
1006,1
20698,1
14683,1
24873,0
18501,0
2772,1
110,0
6801,0
21820,0
15479,0
12100,0
18997,0
23579,1
20399,0
26078,1
19380,1
24572,0
8110,0
2340,0
9509,1
23756,0
20243,1
29373,1
9333,0
19136,0
9499,0
25454,1
4198,1
19652,0
8118,1
29660,0
10853,0
4046,0
24526,1
14804,1
8067,1
19911,1
24320,1
22730,0
24152,0
14710,0
27958,1
21618,0
15401,0
1477,1
29411,1
5749,0
9265,0
19462,0
4732,1
13574,1
22527,1
11712,1
51,0
22326,0
29473,0
15382,0
1687,1
3860,0
11774,0
4399,0
7414,0
25587,0
25508,0
8183,0
12470,0
21138,0
23989,1
14953,1
15189,1
23747,0
5405,1
27342,1
12725,0
14990,1
24897,0
10978,0
3199,1
5255,0
4225,1
13239,0
8716,0
23921,1
25858,1
27884,1
9013,1
16023,0
4829,0
4261,1
5028,0
20615,0
14394,0
21001,0
8584,0
15838,0
16203,1
24677,0
11141,1
21863,0
22029,1
28037,0
24146,0
8815,0
23893,0
18378,0
7111,1
22089,0
1224,1
27666,1
3626,0
15911,0
23229,0
9786,0
3361,0
12033,0
10734,0
21709,1
17919,1
10949,1
931,0
28683,0
22414,0
18576,1
11202,0
6003,1
17764,0
1346,0
983,1
5024,0
8547,0
23220,0
26453,0
9538,0
3786,0
25991,0
4753,0
20180,0
29307,1
8899,0
9845,0
9657,0
14827,1
18729,1
28774,0
15173,1
22809,0
18758,1
8396,0
26382,0
10127,1
23009,1
2417,0
27833,1
18284,0
12277,1
10461,0
23233,1
19809,0
28068,0
7750,0
4672,1
10030,1
10811,1
13485,0
29059,0
27657,0
50,1
17699,0
26780,0
29243,0
26521,0
16154,0
29893,0
19197,0
28914,1
9587,1
8412,1
22756,1
27400,0
28651,0
27784,0
4324,0
10761,1
17446,0
24180,1
18464,0
25380,1
25824,0
19514,0
9750,1
9339,0
17383,0
15015,0
27976,0
24594,0
9862,0
7661,1
17611,1
25269,0
13553,1
21732,0
5949,1
19229,0
23721,0
15896,0
10350,1
8952,1
9926,1
16436,1
17506,1
5886,0
22790,0
11558,0
11007,1
1698,1
16317,1
5752,0
27143,1
8221,1
14758,0
19908,0
13505,1
1990,0
25314,1
24037,1
20297,1
2440,1
26844,1
23648,0
3380,0
19799,1
19727,1
20288,1
18561,0
11410,0
3935,0
16138,0
2040,1
2361,0
21974,0
12351,0
10138,0
5568,0
1965,0
8658,1
5016,1
14104,0
16580,1
10865,1
6670,1
10045,0
8800,1
18847,1
8962,0
13199,0
16745,0
5289,1
2453,1
12588,0
25042,0
23103,1
6937,0
25731,1
23015,0
24055,0
22041,1
17563,0
11563,1
17924,0
15829,0
28525,0
7776,0
16827,1
27763,0
5065,0
17610,0
24220,1
19563,1
2047,0
16232,0
14355,1
6328,0
24968,0
8457,1
21153,0
19244,0
6124,0
5564,0
23618,1
9624,0
12345,0
4117,0
11252,0
12658,0
5032,1
24932,1
15171,1
12656,0
12358,0
19487,1
24442,0
7384,1
23297,0
13575,1
22572,0
3681,0
9011,1
13089,0
2090,1
7684,1
21701,1
6016,1
29686,0
6648,0
17700,0
20420,1
8240,1
24751,0
5177,0
25623,0
28415,1
6591,0
24296,0
4787,0
3656,1
10141,0
18980,0
11783,1
9603,1
28851,1
3976,0
8389,1
1120,1
6387,1
11523,0
12057,1
18239,0
14237,0
9180,1
4863,1
11941,0
11767,0
15994,1
24755,0
18830,1
17915,0
21029,0
28096,1
17978,0
25388,0
10281,0
23624,0
13915,1
7168,1
23723,0
23158,0
5838,0
24058,1
4465,1
23476,0
16262,0
286,0
22696,0
23915,0
24566,1
21459,0
8117,0
6231,0
20995,1
18358,1
12718,0
26284,1
9755,1
27325,1
28354,0
3049,0
10149,0
16512,0
4662,1
20929,0
4047,0
22322,0
1919,0
10645,0
1737,0
1980,0
19413,0
2068,1
18463,0
23820,1
20743,1
10077,0
18573,0
12305,0
25171,1
4446,0
5894,1
24599,0
14791,1
3062,0
1157,0
28915,0
23206,0
4692,1
25950,0
22513,1
28577,0
25766,0
2920,1
22359,0
15478,1
1694,0
28133,0
13731,0
2733,0
3625,1
19887,1
17538,0
11319,1
18689,0
8879,1
27031,1
8542,0
27475,1
15753,0
3756,0
27628,1
19503,0
6756,0
7301,1
17624,0
5971,0
5231,1
25530,0
4022,0
15549,1
13730,0
21825,0
7029,0
23882,0
13526,0
7143,0
6325,0
15876,0
17471,0
25919,1
17378,1
28331,1
9496,1
7594,0
28442,0
20376,0
9894,1
27518,0
16152,0
1374,0
7696,0
29438,1
11522,1
8127,0
16324,1
18069,0
12734,1
26519,0
27914,0
19518,1
427,0
15842,1
23609,1
12661,0
25058,1
340,0
3481,1
22080,1
29728,0
724,0
11507,1
8834,0
9413,0
15649,0
14711,0
18082,0
10979,0
3650,0
11166,1
13472,0
2960,0
26771,0
130,0
3664,1
22352,0
14280,0
5351,0
28838,0
13448,0
16130,1
3195,1
11201,0
14446,1
11510,0
25855,0
16356,1
18306,1
1236,0
3404,0
22493,0
27478,1
3270,1
29244,0
23442,1
1443,0
6486,0
5023,1
20666,0
25650,1
24284,1
9819,1
28889,0
29638,1
10478,1
14265,1
25183,0
6287,0
609,0
25010,1
676,0
20,1
5435,0
18327,1
19107,0
25389,0
1644,0
26972,0
19060,0
29308,1
2488,0
9445,0
17994,1
13904,0
7388,1
28523,1
29327,1
7116,0
25066,0
23521,0
25603,0
25681,1
19221,0
27602,1
10159,0
19950,0
22050,1
3801,0
6901,0
25913,0
7701,1
1650,0
21571,0
24683,0
18503,0
7895,1
7649,1
20762,0
25613,0
8507,0
1984,0
21845,0
14851,0
21716,0
1541,0
27782,0
9273,1
13737,0
19526,1
8850,0
21103,0
752,0
23470,0
9515,0
15745,1
17777,0
27469,1
24333,0
12083,1
1150,1
12737,0
22073,0
25400,0
15648,0
17437,1
2087,0
18168,1
11845,0
12265,1
18115,1
19925,0
18360,0
21464,0
8946,1
19708,0
21397,1
10449,0
2365,1
48,0
15715,1
19032,1
29526,0
27075,1
22683,1
13707,0
